param_set,chem_tag,condition,pair_role,DC_C,AC_C,tau_label,Q_nom_Ah,Q_to_Vmax_protocol_Ah,Q_to_Vmax_DC_ref_Ah,Q_low_Ah,Q_hi_Ah,window_width_Ah,t_charge_DC_ref_s,feasibility_verdict_protocol,feasibility_verdict_DC_ref,low_voltage_class_protocol,low_voltage_class_DC_ref,window_status,n_Q_grid,dtQ_min_s,dtQ_max_s,dtQ_mean_s,dtQ_median_s,dtQ_max_abs_s,n_pos,n_neg,n_zero,dtQ_fraction_positive,A_delta_t_area_sAh,A_delta_t_mean_s,sign_class_abs,sign_class_rel
Ai2020,Enertech LCO/graphite,DC_0p2C,DC_sanity,0.2,0.0,0.0,2.28,2.28995486457328,2.28995486457328,0.11399999999999999,2.24435486457328,2.13035486457328,18078.591036104855,feasible_clean,feasible_clean,clean,clean,ok,100,0.0,0.0,0.0,0.0,0.0,0,0,100,0.0,0.0,0.0,near_zero,near_zero
Ai2020,Enertech LCO/graphite,DC0p2_AC0p5_1tau,DCAC,0.2,0.5,1.0,2.28,2.165568450639488,2.28995486457328,0.11399999999999999,2.119968450639488,2.005968450639488,18078.591036104855,feasible_clean,feasible_clean,clean,clean,ok,100,-51.25349185410414,-1.9428668978530368,-24.71247932029853,-24.108270718855238,51.25349185410414,0,100,0,0.0,-49.55217266657019,-24.702368898560355,near_zero,near_zero
Ai2020,Enertech LCO/graphite,DC0p2_AC0p5_10tau,DCAC,0.2,0.5,10.0,2.28,2.147989181341387,2.28995486457328,0.11399999999999999,2.1023891813413873,1.9883891813413874,18078.591036104855,feasible_clean,feasible_clean,clean,clean,ok,100,-418.07221647347706,0.9826378790130548,-187.97926140930628,-181.51302592416573,418.07221647347706,3,97,0,0.03,-373.83602644842233,-188.00948524384384,negative_only,negative_only
Ai2020,Enertech LCO/graphite,DC0p2_AC1p0_1tau,DCAC,0.2,1.0,1.0,2.28,2.062751208814094,2.28995486457328,0.11399999999999999,2.017151208814094,1.9031512088140943,18078.591036104855,feasible_clean,feasible_clean,clean,clean,ok,100,-74.33314641444849,-2.9067020179306837,-38.13953884432236,-38.06121017779901,74.33314641444849,0,100,0,0.0,-72.91396277149225,-38.312227863873694,negative_only,near_zero
Ai2020,Enertech LCO/graphite,DC0p2_AC1p0_10tau,DCAC,0.2,1.0,10.0,2.28,2.0204226801151863,2.28995486457328,0.11399999999999999,1.9748226801151862,1.8608226801151861,18078.591036104855,feasible_clean,feasible_clean,clean,clean,ok,100,-521.1462329671631,-1.6225296123225235,-245.9245379110345,-240.01817269250114,521.1462329671631,0,100,0,0.0,-455.80915966370594,-244.95034617456997,negative_only,negative_only
Chen2020,LG M50 lineage,DC_0p2C,DC_sanity,0.2,0.0,0.0,5.0,4.609472937628645,4.609472937628645,0.25,4.5094729376286455,4.2594729376286455,16594.102575463123,feasible_clean,feasible_clean,clean,clean,ok,100,0.0,0.0,0.0,0.0,0.0,0,0,100,0.0,0.0,0.0,near_zero,near_zero
Chen2020,LG M50 lineage,DC0p2_AC0p5_1tau,DCAC,0.2,0.5,1.0,5.0,4.03115659378053,4.609472937628645,0.25,3.9311565937805297,3.6811565937805297,16594.102575463123,feasible_clean,feasible_clean,clean,clean,ok,100,-56.24787805368942,-2.9186314535182873,-29.339367138843745,-28.838460546816805,56.24787805368942,0,100,0,0.0,-108.02719370159038,-29.34599247532879,near_zero,near_zero
Chen2020,LG M50 lineage,DC0p2_AC0p5_10tau,DCAC,0.2,0.5,10.0,5.0,3.9006012140891166,4.609472937628645,0.25,3.8006012140891166,3.5506012140891166,16594.102575463123,feasible_clean,feasible_clean,clean,clean,ok,100,-437.0431698259217,-3.130748532395046,-195.41135723924452,-190.7545246650393,437.0431698259217,0,100,0,0.0,-692.6608371772402,-195.08269034232777,negative_only,negative_only
Chen2020,LG M50 lineage,DC0p2_AC1p0_1tau,DCAC,0.2,1.0,1.0,5.0,3.717657914150685,4.609472937628645,0.25,3.617657914150685,3.367657914150685,16594.102575463123,feasible_clean,feasible_clean,clean,clean,ok,100,-64.45144211184197,-3.4162856641178223,-33.46212709776478,-32.695640494123836,64.45144211184197,0,100,0,0.0,-113.45039591063286,-33.68821857882937,negative_only,near_zero
Ecker2015,Kokam-Ecker Co-rich Mn-free,DC_0p2C,DC_sanity,0.2,0.0,0.0,0.15625,0.16035062080073204,0.16035062080073204,0.0078125,0.15722562080073205,0.14941312080073205,18472.39151624433,feasible_clean,feasible_clean,clean,clean,ok,100,0.0,0.0,0.0,0.0,0.0,0,0,100,0.0,0.0,0.0,near_zero,near_zero
Ecker2015,Kokam-Ecker Co-rich Mn-free,DC0p2_AC0p5_1tau,DCAC,0.2,0.5,1.0,0.15625,0.15630242116957008,0.16035062080073204,0.0078125,0.1531774211695701,0.1453649211695701,18472.39151624433,feasible_clean,feasible_clean,clean,clean,ok,100,-44.93480647007527,0.8408940205440558,-20.316410206010072,-19.585127843707596,44.93480647007527,2,98,0,0.02,-2.9483814066418987,-20.282619650737974,near_zero,near_zero
Ecker2015,Kokam-Ecker Co-rich Mn-free,DC0p2_AC0p5_10tau,DCAC,0.2,0.5,10.0,0.15625,0.15710859885556286,0.16035062080073204,0.0078125,0.15398359885556287,0.14617109885556287,18472.39151624433,feasible_clean,feasible_clean,clean,clean,ok,100,-427.77486936712194,-0.3326740140146285,-190.59463908922615,-187.86401427481223,427.77486936712194,0,100,0,0.0,-27.738210891040133,-189.76535791421597,negative_only,negative_only
Ecker2015,Kokam-Ecker Co-rich Mn-free,DC0p2_AC1p0_1tau,DCAC,0.2,1.0,1.0,0.15625,0.1523877781344361,0.16035062080073204,0.0078125,0.1492627781344361,0.1414502781344361,18472.39151624433,feasible_clean,feasible_clean,clean,clean,ok,100,-54.01165597919953,-0.11565292681621031,-26.403131336757742,-26.389913488400907,54.01165597919953,0,100,0,0.0,-3.754079456711166,-26.53992276454375,near_zero,near_zero
Ecker2015,Kokam-Ecker Co-rich Mn-free,DC0p2_AC1p0_10tau,DCAC,0.2,1.0,10.0,0.15625,0.15030449261701584,0.16035062080073204,0.0078125,0.14717949261701585,0.13936699261701585,18472.39151624433,feasible_clean,feasible_clean,clean,clean,ok,100,-509.8632994701293,-2.4363782660864217,-236.68114179632056,-230.32842309710804,509.8632994701293,0,100,0,0.0,-32.81887357750018,-235.4852677899659,negative_only,negative_only
Marquis2019,Kokam-Marquis LCO/graphite,DC_0p2C,DC_sanity,0.2,0.0,0.0,0.680616,0.8047924625811929,0.8047924625811929,0.0340308,0.7911801425811928,0.7571493425811928,21284.049047423887,feasible_clean,feasible_clean,clean,clean,ok,100,0.0,0.0,0.0,0.0,0.0,0,0,100,0.0,0.0,0.0,near_zero,near_zero
Marquis2019,Kokam-Marquis LCO/graphite,DC0p2_AC0p5_1tau,DCAC,0.2,0.5,1.0,0.680616,0.7831879164673379,0.8047924625811929,0.0340308,0.7695755964673379,0.7355447964673378,21284.049047423887,feasible_clean,feasible_clean,clean,clean,ok,100,-59.631159887154354,-3.0283697992056204,-32.06019796565434,-31.542249046908182,59.631159887154354,0,100,0,0.0,-23.587138719495265,-32.06757607800256,near_zero,near_zero
Marquis2019,Kokam-Marquis LCO/graphite,DC0p2_AC0p5_10tau,DCAC,0.2,0.5,10.0,0.680616,0.7751573580126656,0.8047924625811929,0.0340308,0.7615450380126656,0.7275142380126656,21284.049047423887,feasible_clean,feasible_clean,clean,clean,ok,100,-441.7714195246863,-6.168972112834126,-205.96976320488574,-197.2717510839525,441.7714195246863,0,100,0,0.0,-150.08217841651233,-206.2944896123112,negative_only,negative_only
Marquis2019,Kokam-Marquis LCO/graphite,DC0p2_AC1p0_1tau,DCAC,0.2,1.0,1.0,0.680616,0.7684563286769249,0.8047924625811929,0.0340308,0.7548440086769249,0.7208132086769249,21284.049047423887,feasible_clean,feasible_clean,clean,clean,ok,100,-82.50587188356076,-3.061962801103391,-42.546437042608915,-42.2815768079015,82.50587188356076,0,100,0,0.0,-30.795732139411445,-42.723595750885266,negative_only,near_zero
Marquis2019,Kokam-Marquis LCO/graphite,DC0p2_AC1p0_10tau,DCAC,0.2,1.0,10.0,0.680616,0.7567268436058963,0.8047924625811929,0.0340308,0.7431145236058962,0.7090837236058962,21284.049047423887,feasible_clean,feasible_clean,clean,clean,ok,100,-528.0109381774673,-5.0204311365655485,-246.6626359308499,-239.35143188192342,528.0109381774673,0,100,0,0.0,-173.8472907747147,-245.17174063825757,negative_only,negative_only
Mohtat2020,graphite/NMC532,DC_0p2C,DC_sanity,0.2,0.0,0.0,5.0,4.600067034976743,4.600067034976743,0.25,4.500067034976744,4.250067034976744,16560.241325916275,feasible_clean,feasible_clean,clean,clean,ok,100,0.0,0.0,0.0,0.0,0.0,0,0,100,0.0,0.0,0.0,near_zero,near_zero
Mohtat2020,graphite/NMC532,DC0p2_AC0p5_1tau,DCAC,0.2,0.5,1.0,5.0,4.440969167982452,4.600067034976743,0.25,4.340969167982452,4.090969167982452,16560.241325916275,feasible_clean,feasible_clean,clean,clean,ok,100,-46.36526439949921,-1.0855198277904492,-22.804551220949143,-22.136916055305846,46.36526439949921,0,100,0,0.0,-93.28640345478283,-22.80300819299232,near_zero,near_zero
Mohtat2020,graphite/NMC532,DC0p2_AC0p5_10tau,DCAC,0.2,0.5,10.0,5.0,4.45419409709745,4.600067034976743,0.25,4.354194097097451,4.104194097097451,16560.241325916275,feasible_clean,feasible_clean,clean,clean,ok,100,-425.7970910412878,-0.28551808445081406,-198.30578922654684,-202.79374154127947,425.7970910412878,0,100,0,0.0,-811.2476563527259,-197.66308248590212,negative_only,negative_only
Mohtat2020,graphite/NMC532,DC0p2_AC1p0_1tau,DCAC,0.2,1.0,1.0,5.0,4.296730731965822,4.600067034976743,0.25,4.196730731965823,3.9467307319658227,16560.241325916275,feasible_clean,feasible_clean,clean,clean,ok,100,-69.82654813115732,-1.2033216580900898,-35.68045248831703,-35.52602173967637,69.82654813115732,0,100,0,0.0,-141.71294963303515,-35.90641451296818,negative_only,near_zero
NCA_Kim2011,graphite/NCA,DC_0p2C,DC_sanity,0.2,0.0,0.0,0.43,0.4558301451933962,0.4558301451933962,0.021500000000000002,0.4472301451933962,0.4257301451933962,19081.26189181659,feasible_clean,feasible_clean,clean,clean,ok,100,0.0,0.0,0.0,0.0,0.0,0,0,100,0.0,0.0,0.0,near_zero,near_zero
NCA_Kim2011,graphite/NCA,DC0p2_AC0p5_1tau,DCAC,0.2,0.5,1.0,0.43,0.45244315156550274,0.4558301451933962,0.021500000000000002,0.44384315156550275,0.42234315156550273,19081.26189181659,feasible_clean,feasible_clean,clean,clean,ok,100,-42.62714537444754,1.7989654306038574,-18.7071718536291,-17.931394680603717,42.62714537444754,6,94,0,0.06,-7.9224445657721,-18.758311899709778,near_zero,near_zero
NCA_Kim2011,graphite/NCA,DC0p2_AC0p5_10tau,DCAC,0.2,0.5,10.0,0.43,0.45106833128427243,0.4558301451933962,0.021500000000000002,0.44246833128427243,0.4209683312842724,19081.26189181659,feasible_clean,feasible_clean,clean,clean,ok,100,-437.83935563879277,-5.412718425475759,-203.58112793047957,-196.29730004359953,437.83935563879277,0,100,0,0.0,-85.53516101136879,-203.18668805898469,negative_only,negative_only
NCA_Kim2011,graphite/NCA,DC0p2_AC1p0_1tau,DCAC,0.2,1.0,1.0,0.43,0.4488956474175573,0.4558301451933962,0.021500000000000002,0.4402956474175573,0.41879564741755726,19081.26189181659,feasible_clean,feasible_clean,clean,clean,ok,100,-50.62816888618909,2.396030109623098,-22.58338235413026,-21.779217974085896,50.62816888618909,4,96,0,0.04,-9.46798843336753,-22.607657199282063,near_zero,near_zero
NCA_Kim2011,graphite/NCA,DC0p2_AC1p0_10tau,DCAC,0.2,1.0,10.0,0.43,0.44460490234929706,0.4558301451933962,0.021500000000000002,0.43600490234929706,0.41450490234929704,19081.26189181659,feasible_clean,feasible_clean,clean,clean,ok,100,-502.34752275718756,-24.962015427805454,-256.9066080475527,-253.3225465107173,502.34752275718756,0,100,0,0.0,-105.91024097263023,-255.51022526479377,negative_only,negative_only
OKane2022,LG M50 lineage,DC_0p2C,DC_sanity,0.2,0.0,0.0,5.0,4.557025794657848,4.557025794657848,0.25,4.457025794657849,4.207025794657849,16405.292860768255,feasible_clean,feasible_clean,clean,clean,ok,100,0.0,0.0,0.0,0.0,0.0,0,0,100,0.0,0.0,0.0,near_zero,near_zero
OKane2022,LG M50 lineage,DC0p2_AC0p5_1tau,DCAC,0.2,0.5,1.0,5.0,3.9548900172390193,4.557025794657848,0.25,3.8548900172390193,3.6048900172390193,16405.292860768255,feasible_clean,feasible_clean,clean,clean,ok,100,-54.91564452412058,-2.035892794133815,-27.378671655884883,-26.64594020471486,54.91564452412058,0,100,0,0.0,-98.72799776379806,-27.387242687479745,near_zero,near_zero
OKane2022,LG M50 lineage,DC0p2_AC0p5_10tau,DCAC,0.2,0.5,10.0,5.0,3.7456043192505892,4.557025794657848,0.25,3.645604319250589,3.395604319250589,16405.292860768255,feasible_clean,feasible_clean,clean,clean,ok,100,-430.2527996723311,1.2652001613278117,-192.62530394467896,-186.76798661461476,430.2527996723311,2,98,0,0.02,-654.474740373239,-192.7417563533085,negative_only,negative_only
OKane2022,LG M50 lineage,DC0p2_AC1p0_1tau,DCAC,0.2,1.0,1.0,5.0,3.6817399844344285,4.557025794657848,0.25,3.5817399844344284,3.3317399844344284,16405.292860768255,feasible_clean,feasible_clean,clean,clean,ok,100,-61.28902101697349,-1.9576573903600547,-29.42676861900262,-28.251596885730578,61.28902101697349,0,100,0,0.0,-97.94702474394968,-29.398159880887718,negative_only,near_zero
ORegan2022,LG M50 lineage,DC_0p2C,DC_sanity,0.2,0.0,0.0,5.0,4.706684496171921,4.706684496171921,0.25,4.606684496171922,4.356684496171922,16944.06418621892,feasible_clean,feasible_clean,clean,clean,ok,100,0.0,0.0,0.0,0.0,0.0,0,0,100,0.0,0.0,0.0,near_zero,near_zero
ORegan2022,LG M50 lineage,DC0p2_AC0p5_1tau,DCAC,0.2,0.5,1.0,5.0,4.036192623629394,4.706684496171921,0.25,3.936192623629394,3.686192623629394,16944.06418621892,feasible_clean,feasible_clean,clean,clean,ok,100,-43.499376346197096,-0.5300221011257236,-20.13877098873923,-19.725357609576008,43.499376346197096,0,100,0,0.0,-74.2516816054555,-20.14319087111295,near_zero,near_zero
ORegan2022,LG M50 lineage,DC0p2_AC0p5_10tau,DCAC,0.2,0.5,10.0,5.0,4.715509852504146,4.706684496171921,0.25,4.606684496171922,4.356684496171922,16944.06418621892,feasible_clean,feasible_clean,clean,clean,ok,100,-423.32673939180313,2.159293031309062,-192.79906552441597,-186.55190900221316,423.32673939180313,2,98,0,0.02,-840.1056705962723,-192.83142291677214,negative_only,negative_only
ORegan2022,LG M50 lineage,DC0p2_AC1p0_1tau,DCAC,0.2,1.0,1.0,5.0,4.6723457469698735,4.706684496171921,0.25,4.572345746969874,4.322345746969874,16944.06418621892,feasible_clean,feasible_clean,clean,clean,ok,100,-57.428865691268584,-2.838350642301066,-28.49080573689429,-27.886581835723973,57.428865691268584,0,100,0,0.0,-123.14628895353148,-28.490615087851694,near_zero,near_zero
