file,path,size_kb,mtime,n_cols,cols_str,cols_json,has_dt_signed,signed_dt_cols,has_time_pair,time_pair_cols,has_dt_geom,dt_geom_cols,has_dt_resid,dt_resid_cols,has_Q,Q_cols,has_current,current_cols,has_voltage,voltage_cols,read_ok,error
day14_step5_delta_tQ_curves.csv,/Users/louislu/pybamm-dcac-superimposed/data/day14_step5_delta_tQ_curves.csv,1098.0,2026-05-02 13:11,16,condition|ablation|alpha|alpha_direction|DC_C|AC_C|f_Hz|Q_mAh|t_DC_min|t_DCAC_min|delta_t_min|Q_window_lo|Q_window_hi|Q_CC_end_DCAC|Q_CC_end_DC|status,"[""condition"", ""ablation"", ""alpha"", ""alpha_direction"", ""DC_C"", ""AC_C"", ""f_Hz"", ""Q_mAh"", ""t_DC_min"", ""t_DCAC_min"", ""delta_t_min"", ""Q_window_lo"", ""Q_window_hi"", ""Q_CC_end_DCAC"", ""Q_CC_end_DC"", ""status""]",True,"[""delta_t_min""]",False,[],False,[],False,[],True,"[""Q_mAh""]",False,[],False,[],True,
day14_step5_delta_tQ_curves_v1_wrong_phase.csv,/Users/louislu/pybamm-dcac-superimposed/data/day14_step5_delta_tQ_curves_v1_wrong_phase.csv,1094.3,2026-05-02 12:51,16,condition|ablation|alpha|alpha_direction|DC_C|AC_C|f_Hz|Q_mAh|t_DC_min|t_DCAC_min|delta_t_min|Q_window_lo|Q_window_hi|Q_CC_end_DCAC|Q_CC_end_DC|status,"[""condition"", ""ablation"", ""alpha"", ""alpha_direction"", ""DC_C"", ""AC_C"", ""f_Hz"", ""Q_mAh"", ""t_DC_min"", ""t_DCAC_min"", ""delta_t_min"", ""Q_window_lo"", ""Q_window_hi"", ""Q_CC_end_DCAC"", ""Q_CC_end_DC"", ""status""]",True,"[""delta_t_min""]",False,[],False,[],False,[],True,"[""Q_mAh""]",False,[],False,[],True,
day14_step5_delta_tQ_curves_v2_aligned_phase.csv,/Users/louislu/pybamm-dcac-superimposed/data/day14_step5_delta_tQ_curves_v2_aligned_phase.csv,1098.0,2026-05-02 13:11,16,condition|ablation|alpha|alpha_direction|DC_C|AC_C|f_Hz|Q_mAh|t_DC_min|t_DCAC_min|delta_t_min|Q_window_lo|Q_window_hi|Q_CC_end_DCAC|Q_CC_end_DC|status,"[""condition"", ""ablation"", ""alpha"", ""alpha_direction"", ""DC_C"", ""AC_C"", ""f_Hz"", ""Q_mAh"", ""t_DC_min"", ""t_DCAC_min"", ""delta_t_min"", ""Q_window_lo"", ""Q_window_hi"", ""Q_CC_end_DCAC"", ""Q_CC_end_DC"", ""status""]",True,"[""delta_t_min""]",False,[],False,[],False,[],True,"[""Q_mAh""]",False,[],False,[],True,
day16_step3a_dtQ_curves_long.csv.gz,/Users/louislu/pybamm-dcac-superimposed/data/day16_step3a_dtQ_curves_long.csv.gz,129.5,2026-05-03 13:25,14,param_set|chem_tag|condition|pair_role|DC_C|AC_C|tau_label|Q_Ah|t_DC_s|t_protocol_s|dtQ_s|Q_nom_Ah|Q_low_Ah|Q_hi_Ah,"[""param_set"", ""chem_tag"", ""condition"", ""pair_role"", ""DC_C"", ""AC_C"", ""tau_label"", ""Q_Ah"", ""t_DC_s"", ""t_protocol_s"", ""dtQ_s"", ""Q_nom_Ah"", ""Q_low_Ah"", ""Q_hi_Ah""]",False,[],False,[],False,[],False,[],True,"[""Q_Ah""]",False,[],False,[],True,
day17_step1_relaxation_curves_long.csv.gz,/Users/louislu/pybamm-dcac-superimposed/data/day17_step1_relaxation_curves_long.csv.gz,146.5,2026-05-04 10:37,4,param_set|chem_tag|t_relax_s|V_V,"[""param_set"", ""chem_tag"", ""t_relax_s"", ""V_V""]",False,[],False,[],False,[],False,[],False,[],False,[],True,"[""V_V""]",True,
day18B_smoke_dtQ_resid_curves_long.csv.gz,/Users/louislu/pybamm-dcac-superimposed/data/day18B_smoke_dtQ_resid_curves_long.csv.gz,40.8,2026-05-05 16:12,9,pair_id|param_set|protocol_label|DC_ref_protocol|n_tau|Q_Ah|dt_model_s|dt_geom_s|dt_resid_s,"[""pair_id"", ""param_set"", ""protocol_label"", ""DC_ref_protocol"", ""n_tau"", ""Q_Ah"", ""dt_model_s"", ""dt_geom_s"", ""dt_resid_s""]",True,"[""dt_model_s""]",False,[],True,"[""dt_geom_s""]",True,"[""dt_resid_s""]",True,"[""Q_Ah""]",False,[],False,[],True,
day18_step2_dt_Q_curves_long_v3.csv.gz,/Users/louislu/pybamm-dcac-superimposed/data/day18_step2_dt_Q_curves_long_v3.csv.gz,27.4,2026-05-05 12:50,12,param_set|anchor_label|Q_Ah|Q_frac_nom_added|t_DC_s|t_DCAC_s|dtQ_s|window_full|window_stable_added|protocol_DC|protocol_DCAC|status,"[""param_set"", ""anchor_label"", ""Q_Ah"", ""Q_frac_nom_added"", ""t_DC_s"", ""t_DCAC_s"", ""dtQ_s"", ""window_full"", ""window_stable_added"", ""protocol_DC"", ""protocol_DCAC"", ""status""]",False,[],False,[],False,[],False,[],True,"[""Q_Ah""]",False,[],False,[],True,
day18_step2_dt_Q_curves_long_v4_charge_first.csv.gz,/Users/louislu/pybamm-dcac-superimposed/data/day18_step2_dt_Q_curves_long_v4_charge_first.csv.gz,16.1,2026-05-05 14:37,15,param_set|anchor_label|phase_label|Q_Ah|Q_frac_nom_added|t_DC_s|t_DCAC_s|dtQ_s|dtQ_geom_s|dtQ_resid_s|window_full|window_stable_added|protocol_DC|protocol_DCAC|status,"[""param_set"", ""anchor_label"", ""phase_label"", ""Q_Ah"", ""Q_frac_nom_added"", ""t_DC_s"", ""t_DCAC_s"", ""dtQ_s"", ""dtQ_geom_s"", ""dtQ_resid_s"", ""window_full"", ""window_stable_added"", ""protocol_DC"", ""protocol_DCAC"", ""status""]",False,[],False,[],False,[],False,[],True,"[""Q_Ah""]",False,[],False,[],True,
day19A_step1_curves_long_inventory.csv,/Users/louislu/pybamm-dcac-superimposed/data/day19A_step1_curves_long_inventory.csv,5.1,2026-05-06 11:51,23,file|path|size_kb|mtime|n_cols|cols_str|cols_json|has_dt_signed|signed_dt_cols|has_time_pair|time_pair_cols|has_dt_geom|dt_geom_cols|has_dt_resid|dt_resid_cols|has_Q|Q_cols|has_current|current_cols|has_voltage|voltage_cols|read_ok|error,"[""file"", ""path"", ""size_kb"", ""mtime"", ""n_cols"", ""cols_str"", ""cols_json"", ""has_dt_signed"", ""signed_dt_cols"", ""has_time_pair"", ""time_pair_cols"", ""has_dt_geom"", ""dt_geom_cols"", ""has_dt_resid"", ""dt_resid_cols"", ""has_Q"", ""Q_cols"", ""has_current"", ""current_cols"", ""has_voltage"", ""voltage_cols"", ""read_ok"", ""error""]",False,[],False,[],False,[],False,[],False,[],False,[],False,[],True,
results_day11_curve_metrics.csv,/Users/louislu/pybamm-dcac-superimposed/data/results_day11_curve_metrics.csv,7.3,2026-04-29 15:35,22,condition|kappa|tau_label|DC|AC|f_Hz|X5A_avg_dt|X5A_A_dt|X5A_n_cross|X5A_range|X5A_CC_max_dcac|X5A_CC_max_dc|X5A_window_hi|pl_avg_dt|pl_A_dt|pl_n_cross|pl_range|pl_CC_max_dcac|pl_CC_max_dc|pl_window_hi|avg_dt_diff_pl_minus_X5A|meaningful_flip,"[""condition"", ""kappa"", ""tau_label"", ""DC"", ""AC"", ""f_Hz"", ""X5A_avg_dt"", ""X5A_A_dt"", ""X5A_n_cross"", ""X5A_range"", ""X5A_CC_max_dcac"", ""X5A_CC_max_dc"", ""X5A_window_hi"", ""pl_avg_dt"", ""pl_A_dt"", ""pl_n_cross"", ""pl_range"", ""pl_CC_max_dcac"", ""pl_CC_max_dc"", ""pl_window_hi"", ""avg_dt_diff_pl_minus_X5A"", ""meaningful_flip""]",False,[],False,[],False,[],False,[],False,[],False,[],False,[],True,
results_day11_metric_stability_scan.csv,/Users/louislu/pybamm-dcac-superimposed/data/results_day11_metric_stability_scan.csv,5.2,2026-04-29 13:06,16,condition|kappa|tau_label|DC|AC|f_Hz|X5A_Q80|X5A_Q40|X5A_Q90|X5A_range|X5A_stable|pl_Q80|pl_Q40|pl_Q90|pl_range|pl_stable,"[""condition"", ""kappa"", ""tau_label"", ""DC"", ""AC"", ""f_Hz"", ""X5A_Q80"", ""X5A_Q40"", ""X5A_Q90"", ""X5A_range"", ""X5A_stable"", ""pl_Q80"", ""pl_Q40"", ""pl_Q90"", ""pl_range"", ""pl_stable""]",False,[],False,[],False,[],False,[],False,[],False,[],False,[],True,
results_day11_plating_dt_Q80.csv,/Users/louislu/pybamm-dcac-superimposed/data/results_day11_plating_dt_Q80.csv,4.1,2026-04-29 12:48,14,condition|kappa|tau_label|DC|AC|f_Hz|t_Q80_DCAC_min|t_Q80_DC_ref_min|dt_Q80_plating_min|dt_Q80_X5A_min|dt_Q80_exp_min|CC_time_min|plating_loss_mAh|status,"[""condition"", ""kappa"", ""tau_label"", ""DC"", ""AC"", ""f_Hz"", ""t_Q80_DCAC_min"", ""t_Q80_DC_ref_min"", ""dt_Q80_plating_min"", ""dt_Q80_X5A_min"", ""dt_Q80_exp_min"", ""CC_time_min"", ""plating_loss_mAh"", ""status""]",False,[],False,[],False,[],False,[],False,[],False,[],False,[],True,
results_day12_OCP_ablations.csv,/Users/louislu/pybamm-dcac-superimposed/data/results_day12_OCP_ablations.csv,19.2,2026-04-30 10:55,21,condition|kappa|tau_label|DC|AC|f_Hz|ablation|A_dt|avg_dt|Q_window_lo|Q_window_hi|Q_CC_min_ablation|window_exceeds_ablation_CC|n_valid_points|x_n_Q20|x_n_Q80_if_in_CC|Q80_in_CC|x_n_CC_end|sign|sign_baseline|flipped_vs_baseline,"[""condition"", ""kappa"", ""tau_label"", ""DC"", ""AC"", ""f_Hz"", ""ablation"", ""A_dt"", ""avg_dt"", ""Q_window_lo"", ""Q_window_hi"", ""Q_CC_min_ablation"", ""window_exceeds_ablation_CC"", ""n_valid_points"", ""x_n_Q20"", ""x_n_Q80_if_in_CC"", ""Q80_in_CC"", ""x_n_CC_end"", ""sign"", ""sign_baseline"", ""flipped_vs_baseline""]",False,[],False,[],False,[],False,[],False,[],False,[],False,[],True,
results_day12_step0_A_dt_CC_only.csv,/Users/louislu/pybamm-dcac-superimposed/data/results_day12_step0_A_dt_CC_only.csv,4.4,2026-04-30 09:53,17,condition|kappa|tau_label|DC|AC|f_Hz|Q_CC_min_mAh|Q_window_lo|Q_window_hi|avg_dt_OLD_Day11|avg_dt_CC_only_NEW|A_dt_CC_only_NEW|n_cross|range_dt|sign_OLD|sign_NEW|sign_changed,"[""condition"", ""kappa"", ""tau_label"", ""DC"", ""AC"", ""f_Hz"", ""Q_CC_min_mAh"", ""Q_window_lo"", ""Q_window_hi"", ""avg_dt_OLD_Day11"", ""avg_dt_CC_only_NEW"", ""A_dt_CC_only_NEW"", ""n_cross"", ""range_dt"", ""sign_OLD"", ""sign_NEW"", ""sign_changed""]",False,[],False,[],False,[],False,[],False,[],False,[],False,[],True,
results_day13_BranchC_v2_AsymmetricBV.csv,/Users/louislu/pybamm-dcac-superimposed/data/results_day13_BranchC_v2_AsymmetricBV.csv,17.2,2026-05-01 11:21,21,condition|kappa|tau_label|DC|AC|f_Hz|ablation|alpha|A_dt|avg_dt|Q_window_lo|Q_window_hi_strict|Q_CC_end_mAh|window_margin_to_CC|x_n_Q20|x_p_Q20|x_n_CC_end|x_p_CC_end|sign|status|infeasible_reason,"[""condition"", ""kappa"", ""tau_label"", ""DC"", ""AC"", ""f_Hz"", ""ablation"", ""alpha"", ""A_dt"", ""avg_dt"", ""Q_window_lo"", ""Q_window_hi_strict"", ""Q_CC_end_mAh"", ""window_margin_to_CC"", ""x_n_Q20"", ""x_p_Q20"", ""x_n_CC_end"", ""x_p_CC_end"", ""sign"", ""status"", ""infeasible_reason""]",False,[],False,[],False,[],False,[],False,[],False,[],False,[],True,
results_day13_PE_transport_kinetics_ablations.csv,/Users/louislu/pybamm-dcac-superimposed/data/results_day13_PE_transport_kinetics_ablations.csv,45.8,2026-05-01 12:02,30,condition|kappa|tau_label|DC|AC|f_Hz|ablation|A_dt|avg_dt|Q_window_lo|Q_window_hi|Q_CC_end_mAh|window_margin_to_CC|x_n_Q20|x_p_Q20|x_n_CC_end|x_p_CC_end|sign|dtQ_min|dtQ_max|dtQ_range|dtQ_n_cross|dtQ_fraction_positive|dtQ_mean_early|dtQ_mean_mid|dtQ_mean_late|status|infeasible_reason|trajectory_class|trajectory_class_robust,"[""condition"", ""kappa"", ""tau_label"", ""DC"", ""AC"", ""f_Hz"", ""ablation"", ""A_dt"", ""avg_dt"", ""Q_window_lo"", ""Q_window_hi"", ""Q_CC_end_mAh"", ""window_margin_to_CC"", ""x_n_Q20"", ""x_p_Q20"", ""x_n_CC_end"", ""x_p_CC_end"", ""sign"", ""dtQ_min"", ""dtQ_max"", ""dtQ_range"", ""dtQ_n_cross"", ""dtQ_fraction_positive"", ""dtQ_mean_early"", ""dtQ_mean_mid"", ""dtQ_mean_late"", ""status"", ""infeasible_reason"", ""trajectory_class"", ""trajectory_class_robust""]",False,[],False,[],False,[],False,[],False,[],False,[],False,[],True,
results_day13_delta_tQ_curves.csv,/Users/louislu/pybamm-dcac-superimposed/data/results_day13_delta_tQ_curves.csv,1196.4,2026-05-01 11:52,9,condition|ablation|Q_mAh|delta_t_min|t_DC_min|t_DCAC_min|Q_window_lo|Q_window_hi|status,"[""condition"", ""ablation"", ""Q_mAh"", ""delta_t_min"", ""t_DC_min"", ""t_DCAC_min"", ""Q_window_lo"", ""Q_window_hi"", ""status""]",True,"[""delta_t_min""]",False,[],False,[],False,[],True,"[""Q_mAh""]",False,[],False,[],True,
results_day6_summary.csv,/Users/louislu/pybamm-dcac-superimposed/data/results_day6_summary.csv,3.4,2026-04-25 13:04,16,condition|I_DC_C|A_C|f_Hz|kappa|sim_CC_min|sim_CV_min|sim_total_min|sim_T_max_C|sim_Q_mAh|exp_T_max_C|exp_Δt_Q80|exp_total_min|AC_rev_pct|wall_s|status,"[""condition"", ""I_DC_C"", ""A_C"", ""f_Hz"", ""kappa"", ""sim_CC_min"", ""sim_CV_min"", ""sim_total_min"", ""sim_T_max_C"", ""sim_Q_mAh"", ""exp_T_max_C"", ""exp_Δt_Q80"", ""exp_total_min"", ""AC_rev_pct"", ""wall_s"", ""status""]",False,[],False,[],False,[],False,[],False,[],False,[],False,[],True,
results_day8_stage2_hppc_chen2020.csv,/Users/louislu/pybamm-dcac-superimposed/data/results_day8_stage2_hppc_chen2020.csv,12.0,2026-04-27 11:37,39,target_soc|pulse_direction|status|tau2_secondary_60s|fit_R2_60s|tau2_biexp|fit_R2_primary|fit_RMSE_primary|tau1_secondary_60s|tau1_primary|tau_tail|tail_R2|tau_FG_eff|R0|R0_CD|R0_EF|Uinf|Uf|wall_clock_s|cell|SOC|mode|primary_window_s|eff_window_s|t95|t99|Uc|Ud|Ue|Ug|I0|Ip|ton_ms|toff_ms|C_ms|D_ms|E_ms|F_ms|G_ms,"[""target_soc"", ""pulse_direction"", ""status"", ""tau2_secondary_60s"", ""fit_R2_60s"", ""tau2_biexp"", ""fit_R2_primary"", ""fit_RMSE_primary"", ""tau1_secondary_60s"", ""tau1_primary"", ""tau_tail"", ""tail_R2"", ""tau_FG_eff"", ""R0"", ""R0_CD"", ""R0_EF"", ""Uinf"", ""Uf"", ""wall_clock_s"", ""cell"", ""SOC"", ""mode"", ""primary_window_s"", ""eff_window_s"", ""t95"", ""t99"", ""Uc"", ""Ud"", ""Ue"", ""Ug"", ""I0"", ""Ip"", ""ton_ms"", ""toff_ms"", ""C_ms"", ""D_ms"", ""E_ms"", ""F_ms"", ""G_ms""]",False,[],False,[],False,[],False,[],False,[],False,[],False,[],True,
results_day8_x2_dfn_mj1freq.csv,/Users/louislu/pybamm-dcac-superimposed/data/results_day8_x2_dfn_mj1freq.csv,7.7,2026-04-27 12:17,21,condition|case_id|I_DC_Crate|A_Crate|f_Hz|kappa|status|CC_time_min|CV_time_min|total_time_min|Q_net_final_mAh|T_max_charging_C|pct_AC_reversals|wall_clock_s|CC_time_s|CV_time_s|total_time_s|n_AC_reversals_steps|CC_time_s_partial|T_max_charging_C_partial|V_min_phase2,"[""condition"", ""case_id"", ""I_DC_Crate"", ""A_Crate"", ""f_Hz"", ""kappa"", ""status"", ""CC_time_min"", ""CV_time_min"", ""total_time_min"", ""Q_net_final_mAh"", ""T_max_charging_C"", ""pct_AC_reversals"", ""wall_clock_s"", ""CC_time_s"", ""CV_time_s"", ""total_time_s"", ""n_AC_reversals_steps"", ""CC_time_s_partial"", ""T_max_charging_C_partial"", ""V_min_phase2""]",False,[],False,[],False,[],False,[],False,[],False,[],False,[],True,
results_day8_x2_dfn_mj1freq_v2.csv,/Users/louislu/pybamm-dcac-superimposed/data/results_day8_x2_dfn_mj1freq_v2.csv,8.0,2026-04-27 12:31,22,case_id|I_DC_Crate|A_Crate|f_Hz|kappa|wall_clock_s|CC_time_s|CV_time_s|total_time_s|CC_time_min|CV_time_min|total_time_min|Q_net_final_mAh|T_max_charging_C|n_AC_reversals_steps|pct_AC_reversals|status|condition|tau_label|CC_time_s_partial|T_max_charging_C_partial|V_min_phase2,"[""case_id"", ""I_DC_Crate"", ""A_Crate"", ""f_Hz"", ""kappa"", ""wall_clock_s"", ""CC_time_s"", ""CV_time_s"", ""total_time_s"", ""CC_time_min"", ""CV_time_min"", ""total_time_min"", ""Q_net_final_mAh"", ""T_max_charging_C"", ""n_AC_reversals_steps"", ""pct_AC_reversals"", ""status"", ""condition"", ""tau_label"", ""CC_time_s_partial"", ""T_max_charging_C_partial"", ""V_min_phase2""]",False,[],False,[],False,[],False,[],False,[],False,[],False,[],True,
results_day8_x2_three_way_dt_Q80.csv,/Users/louislu/pybamm-dcac-superimposed/data/results_day8_x2_three_way_dt_Q80.csv,2.7,2026-04-27 12:33,15,condition|DC|AC|f_Hz|kappa|tau_label|dt_x2_DFN_min|dt_v01_SPMe_min|dt_exp_MJ1_min|sign_x2|sign_v01|sign_exp|x2_vs_exp|v01_vs_exp|x2_vs_v01,"[""condition"", ""DC"", ""AC"", ""f_Hz"", ""kappa"", ""tau_label"", ""dt_x2_DFN_min"", ""dt_v01_SPMe_min"", ""dt_exp_MJ1_min"", ""sign_x2"", ""sign_v01"", ""sign_exp"", ""x2_vs_exp"", ""v01_vs_exp"", ""x2_vs_v01""]",False,[],False,[],False,[],False,[],False,[],False,[],False,[],True,
results_day8_x2_three_way_dt_Q80_v2.csv,/Users/louislu/pybamm-dcac-superimposed/data/results_day8_x2_three_way_dt_Q80_v2.csv,2.8,2026-04-27 12:38,15,condition|DC|AC|f_Hz|kappa|tau_label|dt_x2_DFN_min|dt_v01_SPMe_min|dt_exp_MJ1_min|sign_x2|sign_v01|sign_exp|x2_vs_exp|v01_vs_exp|x2_vs_v01,"[""condition"", ""DC"", ""AC"", ""f_Hz"", ""kappa"", ""tau_label"", ""dt_x2_DFN_min"", ""dt_v01_SPMe_min"", ""dt_exp_MJ1_min"", ""sign_x2"", ""sign_v01"", ""sign_exp"", ""x2_vs_exp"", ""v01_vs_exp"", ""x2_vs_v01""]",False,[],False,[],False,[],False,[],False,[],False,[],False,[],True,
results_day8_x4_5way_dt_Q80.csv,/Users/louislu/pybamm-dcac-superimposed/data/results_day8_x4_5way_dt_Q80.csv,3.3,2026-04-27 12:55,21,condition|DC|AC|tau_label|kappa|dt_R1|dt_R3|dt_X2|dt_v01|dt_exp|s_R1|s_R3|s_X2|s_v01|s_exp|R1_vs_exp|R3_vs_exp|X2_vs_exp|v01_vs_exp|R1_vs_R3|R1_vs_X2,"[""condition"", ""DC"", ""AC"", ""tau_label"", ""kappa"", ""dt_R1"", ""dt_R3"", ""dt_X2"", ""dt_v01"", ""dt_exp"", ""s_R1"", ""s_R3"", ""s_X2"", ""s_v01"", ""s_exp"", ""R1_vs_exp"", ""R3_vs_exp"", ""X2_vs_exp"", ""v01_vs_exp"", ""R1_vs_R3"", ""R1_vs_X2""]",False,[],False,[],False,[],False,[],False,[],False,[],False,[],True,
results_day8_x4_5way_dt_Q80_v2.csv,/Users/louislu/pybamm-dcac-superimposed/data/results_day8_x4_5way_dt_Q80_v2.csv,4.4,2026-04-27 13:01,23,condition|DC|AC|tau_label|kappa|f_Hz_X4_R1|f_Hz_v01|dt_R1|dt_R3|dt_X2|dt_v01|dt_exp|s_R1|s_R3|s_X2|s_v01|s_exp|R1_vs_exp|R3_vs_exp|X2_vs_exp|v01_vs_exp|R1_vs_R3|R1_vs_X2,"[""condition"", ""DC"", ""AC"", ""tau_label"", ""kappa"", ""f_Hz_X4_R1"", ""f_Hz_v01"", ""dt_R1"", ""dt_R3"", ""dt_X2"", ""dt_v01"", ""dt_exp"", ""s_R1"", ""s_R3"", ""s_X2"", ""s_v01"", ""s_exp"", ""R1_vs_exp"", ""R3_vs_exp"", ""X2_vs_exp"", ""v01_vs_exp"", ""R1_vs_R3"", ""R1_vs_X2""]",False,[],False,[],False,[],False,[],False,[],False,[],False,[],True,
results_day8_x4_dfn_chenfreq.csv,/Users/louislu/pybamm-dcac-superimposed/data/results_day8_x4_dfn_chenfreq.csv,17.3,2026-04-27 12:51,25,case_id|I_DC_Crate|A_Crate|f_Hz|kappa|wall_clock_s|CC_time_s|CV_time_s|total_time_s|CC_time_min|CV_time_min|total_time_min|Q_net_final_mAh|T_max_charging_C|n_AC_reversals_steps|pct_AC_reversals|status|condition|tau_label|round|tau_Chen_s|f_Hz_v01|CC_time_s_partial|T_max_charging_C_partial|V_min_phase2,"[""case_id"", ""I_DC_Crate"", ""A_Crate"", ""f_Hz"", ""kappa"", ""wall_clock_s"", ""CC_time_s"", ""CV_time_s"", ""total_time_s"", ""CC_time_min"", ""CV_time_min"", ""total_time_min"", ""Q_net_final_mAh"", ""T_max_charging_C"", ""n_AC_reversals_steps"", ""pct_AC_reversals"", ""status"", ""condition"", ""tau_label"", ""round"", ""tau_Chen_s"", ""f_Hz_v01"", ""CC_time_s_partial"", ""T_max_charging_C_partial"", ""V_min_phase2""]",False,[],False,[],False,[],False,[],False,[],False,[],False,[],True,
results_day8_x5A_dfn_corrected_mj1freq.csv,/Users/louislu/pybamm-dcac-superimposed/data/results_day8_x5A_dfn_corrected_mj1freq.csv,9.0,2026-04-27 13:31,22,case_id|I_DC_Crate|A_Crate|f_Hz|kappa|wall_clock_s|soc_init|V_init_phase2|CC_time_s|CV_time_s|total_time_s|CC_time_min|CV_time_min|total_time_min|Q_net_final_mAh|T_max_charging_C|n_AC_reversals_steps|pct_AC_reversals|status|condition|tau_label|batch,"[""case_id"", ""I_DC_Crate"", ""A_Crate"", ""f_Hz"", ""kappa"", ""wall_clock_s"", ""soc_init"", ""V_init_phase2"", ""CC_time_s"", ""CV_time_s"", ""total_time_s"", ""CC_time_min"", ""CV_time_min"", ""total_time_min"", ""Q_net_final_mAh"", ""T_max_charging_C"", ""n_AC_reversals_steps"", ""pct_AC_reversals"", ""status"", ""condition"", ""tau_label"", ""batch""]",False,[],False,[],False,[],False,[],False,[],False,[],False,[],True,
results_day8_x5BC_dfn_corrected_chenfreq.csv,/Users/louislu/pybamm-dcac-superimposed/data/results_day8_x5BC_dfn_corrected_chenfreq.csv,19.3,2026-04-27 13:36,27,case_id|I_DC_Crate|A_Crate|f_Hz|kappa|wall_clock_s|soc_init|V_init_phase2|CC_time_s|CV_time_s|total_time_s|CC_time_min|CV_time_min|total_time_min|Q_net_final_mAh|T_max_charging_C|n_AC_reversals_steps|pct_AC_reversals|status|condition|tau_label|batch|tau_Chen_s|f_Hz_v01|CC_time_s_partial|T_max_charging_C_partial|V_min_phase2,"[""case_id"", ""I_DC_Crate"", ""A_Crate"", ""f_Hz"", ""kappa"", ""wall_clock_s"", ""soc_init"", ""V_init_phase2"", ""CC_time_s"", ""CV_time_s"", ""total_time_s"", ""CC_time_min"", ""CV_time_min"", ""total_time_min"", ""Q_net_final_mAh"", ""T_max_charging_C"", ""n_AC_reversals_steps"", ""pct_AC_reversals"", ""status"", ""condition"", ""tau_label"", ""batch"", ""tau_Chen_s"", ""f_Hz_v01"", ""CC_time_s_partial"", ""T_max_charging_C_partial"", ""V_min_phase2""]",False,[],False,[],False,[],False,[],False,[],False,[],False,[],True,
results_day8_x5_4way_dt_Q80.csv,/Users/louislu/pybamm-dcac-superimposed/data/results_day8_x5_4way_dt_Q80.csv,3.5,2026-04-27 13:41,18,condition|DC|AC|f_Hz|kappa|tau_label|dt_X5A|dt_X2|dt_v01|dt_exp|s_X5A|s_X2|s_v01|s_exp|X5A_vs_exp|X2_vs_exp|v01_vs_exp|X5A_vs_X2,"[""condition"", ""DC"", ""AC"", ""f_Hz"", ""kappa"", ""tau_label"", ""dt_X5A"", ""dt_X2"", ""dt_v01"", ""dt_exp"", ""s_X5A"", ""s_X2"", ""s_v01"", ""s_exp"", ""X5A_vs_exp"", ""X2_vs_exp"", ""v01_vs_exp"", ""X5A_vs_X2""]",False,[],False,[],False,[],False,[],False,[],False,[],False,[],True,
results_day8_x5_4way_dt_Q80_v2.csv,/Users/louislu/pybamm-dcac-superimposed/data/results_day8_x5_4way_dt_Q80_v2.csv,3.5,2026-04-27 13:46,18,condition|DC|AC|f_Hz|kappa|tau_label|dt_X5A|dt_X2|dt_v01|dt_exp|s_X5A|s_X2|s_v01|s_exp|X5A_vs_exp|X2_vs_exp|v01_vs_exp|X5A_vs_X2,"[""condition"", ""DC"", ""AC"", ""f_Hz"", ""kappa"", ""tau_label"", ""dt_X5A"", ""dt_X2"", ""dt_v01"", ""dt_exp"", ""s_X5A"", ""s_X2"", ""s_v01"", ""s_exp"", ""X5A_vs_exp"", ""X2_vs_exp"", ""v01_vs_exp"", ""X5A_vs_X2""]",False,[],False,[],False,[],False,[],False,[],False,[],False,[],True,
results_day9_5way_sigmoid_isolation.csv,/Users/louislu/pybamm-dcac-superimposed/data/results_day9_5way_sigmoid_isolation.csv,3.9,2026-04-28 11:03,19,condition|kappa|tau_label|dt_X6α-NS|dt_X6α|dt_X5A|dt_X2|dt_v01|dt_exp|s_X6α-NS|s_X6α|s_X5A|s_X2|s_v01|s_exp|X6αNS_vs_exp|X6α_vs_exp|X5A_vs_exp|X6αNS_vs_X6α,"[""condition"", ""kappa"", ""tau_label"", ""dt_X6α-NS"", ""dt_X6α"", ""dt_X5A"", ""dt_X2"", ""dt_v01"", ""dt_exp"", ""s_X6α-NS"", ""s_X6α"", ""s_X5A"", ""s_X2"", ""s_v01"", ""s_exp"", ""X6αNS_vs_exp"", ""X6α_vs_exp"", ""X5A_vs_exp"", ""X6αNS_vs_X6α""]",False,[],False,[],False,[],False,[],False,[],False,[],False,[],True,
results_day9_6way_fork_diagnosis.csv,/Users/louislu/pybamm-dcac-superimposed/data/results_day9_6way_fork_diagnosis.csv,4.4,2026-04-28 11:14,21,condition|kappa|tau_label|dt_X6β|dt_X6α-NS|dt_X6α|dt_X5A|dt_X2|dt_v01|dt_exp|s_X6β|s_X6α-NS|s_X6α|s_X5A|s_X2|s_v01|s_exp|X6β_vs_exp|X6α_vs_exp|X5A_vs_exp|X6β_vs_X6α,"[""condition"", ""kappa"", ""tau_label"", ""dt_X6β"", ""dt_X6α-NS"", ""dt_X6α"", ""dt_X5A"", ""dt_X2"", ""dt_v01"", ""dt_exp"", ""s_X6β"", ""s_X6α-NS"", ""s_X6α"", ""s_X5A"", ""s_X2"", ""s_v01"", ""s_exp"", ""X6β_vs_exp"", ""X6α_vs_exp"", ""X5A_vs_exp"", ""X6β_vs_X6α""]",False,[],False,[],False,[],False,[],False,[],False,[],False,[],True,
results_day9_7way_final_matrix.csv,/Users/louislu/pybamm-dcac-superimposed/data/results_day9_7way_final_matrix.csv,5.6,2026-04-28 11:24,26,condition|kappa|tau_label|dt_exp|s_exp|dt_X5β|s_X5β|X5β_vs_exp|dt_X5-A|s_X5-A|X5-A_vs_exp|dt_X6α|s_X6α|X6α_vs_exp|dt_X6α-NS|s_X6α-NS|X6α-NS_vs_exp|dt_X6β|s_X6β|X6β_vs_exp|dt_X2|s_X2|X2_vs_exp|dt_v0.1|s_v0.1|v0.1_vs_exp,"[""condition"", ""kappa"", ""tau_label"", ""dt_exp"", ""s_exp"", ""dt_X5β"", ""s_X5β"", ""X5β_vs_exp"", ""dt_X5-A"", ""s_X5-A"", ""X5-A_vs_exp"", ""dt_X6α"", ""s_X6α"", ""X6α_vs_exp"", ""dt_X6α-NS"", ""s_X6α-NS"", ""X6α-NS_vs_exp"", ""dt_X6β"", ""s_X6β"", ""X6β_vs_exp"", ""dt_X2"", ""s_X2"", ""X2_vs_exp"", ""dt_v0.1"", ""s_v0.1"", ""v0.1_vs_exp""]",False,[],False,[],False,[],False,[],False,[],False,[],False,[],True,
results_day9_stage2_hppc_chen2020_composite.csv,/Users/louislu/pybamm-dcac-superimposed/data/results_day9_stage2_hppc_chen2020_composite.csv,4.2,2026-04-28 15:23,18,case_id|soc_target|direction|wall_clock_s|n_cycles|V_pre_pulse_eq|V_pulse_start|V_pulse_end|I_pulse_A|delta_V_post_1500s_mV|R0_mohm|tau1_biexp_s|tau2_biexp_s|R2_biexp|tau_tail_s|R2_tail|status|error,"[""case_id"", ""soc_target"", ""direction"", ""wall_clock_s"", ""n_cycles"", ""V_pre_pulse_eq"", ""V_pulse_start"", ""V_pulse_end"", ""I_pulse_A"", ""delta_V_post_1500s_mV"", ""R0_mohm"", ""tau1_biexp_s"", ""tau2_biexp_s"", ""R2_biexp"", ""tau_tail_s"", ""R2_tail"", ""status"", ""error""]",False,[],False,[],False,[],False,[],False,[],False,[],False,[],True,
results_day9_x5beta_natural_mj1freq.csv,/Users/louislu/pybamm-dcac-superimposed/data/results_day9_x5beta_natural_mj1freq.csv,8.4,2026-04-28 11:22,19,case_id|I_DC_Crate|A_Crate|f_Hz|kappa|wall_clock_s|V_rest_end|V_init_phase2|CC_time_s|CV_time_s|total_time_s|CC_time_min|CV_time_min|total_time_min|Q_net_final_mAh|status|condition|tau_label|batch,"[""case_id"", ""I_DC_Crate"", ""A_Crate"", ""f_Hz"", ""kappa"", ""wall_clock_s"", ""V_rest_end"", ""V_init_phase2"", ""CC_time_s"", ""CV_time_s"", ""total_time_s"", ""CC_time_min"", ""CV_time_min"", ""total_time_min"", ""Q_net_final_mAh"", ""status"", ""condition"", ""tau_label"", ""batch""]",False,[],False,[],False,[],False,[],False,[],False,[],False,[],True,
results_day9_x5beta_phase0_3way.csv,/Users/louislu/pybamm-dcac-superimposed/data/results_day9_x5beta_phase0_3way.csv,3.0,2026-04-28 11:35,15,condition|kappa|tau_label|dt_X5β_p0|dt_X5β|dt_X5A|dt_exp|s_X5β_p0|s_X5β|s_X5A|s_exp|X5β_p0_vs_exp|X5β_vs_exp|X5A_vs_exp|X5β_p0_vs_X5β,"[""condition"", ""kappa"", ""tau_label"", ""dt_X5β_p0"", ""dt_X5β"", ""dt_X5A"", ""dt_exp"", ""s_X5β_p0"", ""s_X5β"", ""s_X5A"", ""s_exp"", ""X5β_p0_vs_exp"", ""X5β_vs_exp"", ""X5A_vs_exp"", ""X5β_p0_vs_X5β""]",False,[],False,[],False,[],False,[],False,[],False,[],False,[],True,
results_day9_x5beta_phase0_mj1freq.csv,/Users/louislu/pybamm-dcac-superimposed/data/results_day9_x5beta_phase0_mj1freq.csv,9.1,2026-04-28 11:35,20,case_id|I_DC_Crate|A_Crate|f_Hz|kappa|wall_clock_s|V_rest_end|V_init_phase2|actual_phase2_start_s|phase_offset_vs_est_s|sin_at_phase2_start|CC_time_s|CV_time_s|CC_time_min|CV_time_min|Q_net_final_mAh|status|condition|tau_label|batch,"[""case_id"", ""I_DC_Crate"", ""A_Crate"", ""f_Hz"", ""kappa"", ""wall_clock_s"", ""V_rest_end"", ""V_init_phase2"", ""actual_phase2_start_s"", ""phase_offset_vs_est_s"", ""sin_at_phase2_start"", ""CC_time_s"", ""CV_time_s"", ""CC_time_min"", ""CV_time_min"", ""Q_net_final_mAh"", ""status"", ""condition"", ""tau_label"", ""batch""]",False,[],False,[],False,[],False,[],False,[],False,[],False,[],True,
results_day9_x5beta_v2_3way.csv,/Users/louislu/pybamm-dcac-superimposed/data/results_day9_x5beta_v2_3way.csv,2.7,2026-04-28 12:49,14,condition|tau_label|dt_X5β_v2|dt_X5β_p0|dt_X5A|dt_exp|s_X5β_v2|s_X5β_p0|s_X5A|s_exp|X5β_v2_vs_exp|X5β_p0_vs_exp|X5A_vs_exp|X5β_v2_vs_p0,"[""condition"", ""tau_label"", ""dt_X5β_v2"", ""dt_X5β_p0"", ""dt_X5A"", ""dt_exp"", ""s_X5β_v2"", ""s_X5β_p0"", ""s_X5A"", ""s_exp"", ""X5β_v2_vs_exp"", ""X5β_p0_vs_exp"", ""X5A_vs_exp"", ""X5β_v2_vs_p0""]",False,[],False,[],False,[],False,[],False,[],False,[],False,[],True,
results_day9_x5beta_v2_truephase0_mj1freq.csv,/Users/louislu/pybamm-dcac-superimposed/data/results_day9_x5beta_v2_truephase0_mj1freq.csv,7.5,2026-04-28 12:49,18,case_id|I_DC_Crate|A_Crate|f_Hz|kappa|V_rest_end|V_init_phase2|sin_at_phase2_start|CC_time_s|CV_time_s|CC_time_min|CV_time_min|Q_net_final_mAh|wall_clock_s|status|condition|tau_label|batch,"[""case_id"", ""I_DC_Crate"", ""A_Crate"", ""f_Hz"", ""kappa"", ""V_rest_end"", ""V_init_phase2"", ""sin_at_phase2_start"", ""CC_time_s"", ""CV_time_s"", ""CC_time_min"", ""CV_time_min"", ""Q_net_final_mAh"", ""wall_clock_s"", ""status"", ""condition"", ""tau_label"", ""batch""]",False,[],False,[],False,[],False,[],False,[],False,[],False,[],True,
results_day9_x6alpha_4way_dual_Q80.csv,/Users/louislu/pybamm-dcac-superimposed/data/results_day9_x6alpha_4way_dual_Q80.csv,4.6,2026-04-28 10:55,19,condition|kappa|tau_label|dt_X6α_nom|dt_X5A_nom|dt_X2_nom|dt_v01_nom|dt_exp|dt_X6α_base|dt_X5A_base|dt_X2_base|s_X6α|s_X5A|s_X2|s_v01|s_exp|X6α_vs_exp|X5A_vs_exp|X6α_vs_X5A,"[""condition"", ""kappa"", ""tau_label"", ""dt_X6α_nom"", ""dt_X5A_nom"", ""dt_X2_nom"", ""dt_v01_nom"", ""dt_exp"", ""dt_X6α_base"", ""dt_X5A_base"", ""dt_X2_base"", ""s_X6α"", ""s_X5A"", ""s_X2"", ""s_v01"", ""s_exp"", ""X6α_vs_exp"", ""X5A_vs_exp"", ""X6α_vs_X5A""]",False,[],False,[],False,[],False,[],False,[],False,[],False,[],True,
results_day9_x6alpha_composite_sigmoid_mj1freq.csv,/Users/louislu/pybamm-dcac-superimposed/data/results_day9_x6alpha_composite_sigmoid_mj1freq.csv,7.9,2026-04-28 10:48,20,case_id|I_DC_Crate|A_Crate|f_Hz|kappa|wall_clock_s|V_init_phase2|CC_time_s|CV_time_s|total_time_s|CC_time_min|CV_time_min|total_time_min|Q_net_final_mAh|status|condition|tau_label|batch|CC_time_s_partial|V_min_phase2,"[""case_id"", ""I_DC_Crate"", ""A_Crate"", ""f_Hz"", ""kappa"", ""wall_clock_s"", ""V_init_phase2"", ""CC_time_s"", ""CV_time_s"", ""total_time_s"", ""CC_time_min"", ""CV_time_min"", ""total_time_min"", ""Q_net_final_mAh"", ""status"", ""condition"", ""tau_label"", ""batch"", ""CC_time_s_partial"", ""V_min_phase2""]",False,[],False,[],False,[],False,[],False,[],False,[],False,[],True,
results_day9_x6alpha_noSigmoid_mj1freq.csv,/Users/louislu/pybamm-dcac-superimposed/data/results_day9_x6alpha_noSigmoid_mj1freq.csv,7.9,2026-04-28 11:02,20,case_id|I_DC_Crate|A_Crate|f_Hz|kappa|wall_clock_s|V_init_phase2|CC_time_s|CV_time_s|total_time_s|CC_time_min|CV_time_min|total_time_min|Q_net_final_mAh|status|condition|tau_label|batch|CC_time_s_partial|V_min_phase2,"[""case_id"", ""I_DC_Crate"", ""A_Crate"", ""f_Hz"", ""kappa"", ""wall_clock_s"", ""V_init_phase2"", ""CC_time_s"", ""CV_time_s"", ""total_time_s"", ""CC_time_min"", ""CV_time_min"", ""total_time_min"", ""Q_net_final_mAh"", ""status"", ""condition"", ""tau_label"", ""batch"", ""CC_time_s_partial"", ""V_min_phase2""]",False,[],False,[],False,[],False,[],False,[],False,[],False,[],True,
results_day9_x6beta_natural_mj1freq.csv,/Users/louislu/pybamm-dcac-superimposed/data/results_day9_x6beta_natural_mj1freq.csv,8.1,2026-04-28 11:13,20,case_id|I_DC_Crate|A_Crate|f_Hz|kappa|wall_clock_s|V_rest_end|V_init_phase2|CC_time_s|CV_time_s|total_time_s|CC_time_min|CV_time_min|total_time_min|Q_net_final_mAh|status|condition|tau_label|batch|CC_time_s_partial,"[""case_id"", ""I_DC_Crate"", ""A_Crate"", ""f_Hz"", ""kappa"", ""wall_clock_s"", ""V_rest_end"", ""V_init_phase2"", ""CC_time_s"", ""CV_time_s"", ""total_time_s"", ""CC_time_min"", ""CV_time_min"", ""total_time_min"", ""Q_net_final_mAh"", ""status"", ""condition"", ""tau_label"", ""batch"", ""CC_time_s_partial""]",False,[],False,[],False,[],False,[],False,[],False,[],False,[],True,
results_day9_x6beta_phase0_mj1freq.csv,/Users/louislu/pybamm-dcac-superimposed/data/results_day9_x6beta_phase0_mj1freq.csv,8.2,2026-04-28 11:46,19,case_id|I_DC_Crate|A_Crate|f_Hz|kappa|wall_clock_s|V_rest_end|V_init_phase2|actual_phase2_start_s|sin_at_phase2_start|CC_time_s|CV_time_s|CC_time_min|CV_time_min|Q_net_final_mAh|status|condition|tau_label|batch,"[""case_id"", ""I_DC_Crate"", ""A_Crate"", ""f_Hz"", ""kappa"", ""wall_clock_s"", ""V_rest_end"", ""V_init_phase2"", ""actual_phase2_start_s"", ""sin_at_phase2_start"", ""CC_time_s"", ""CV_time_s"", ""CC_time_min"", ""CV_time_min"", ""Q_net_final_mAh"", ""status"", ""condition"", ""tau_label"", ""batch""]",False,[],False,[],False,[],False,[],False,[],False,[],False,[],True,
results_day9_x6beta_v2_3way.csv,/Users/louislu/pybamm-dcac-superimposed/data/results_day9_x6beta_v2_3way.csv,1.8,2026-04-28 12:59,14,condition|tau_label|dt_X6β_v2|dt_X6β_p0|dt_X6α|dt_exp|s_X6β_v2|s_X6β_p0|s_X6α|s_exp|X6β_v2_vs_exp|X6β_p0_vs_exp|X6α_vs_exp|X6β_v2_vs_p0,"[""condition"", ""tau_label"", ""dt_X6β_v2"", ""dt_X6β_p0"", ""dt_X6α"", ""dt_exp"", ""s_X6β_v2"", ""s_X6β_p0"", ""s_X6α"", ""s_exp"", ""X6β_v2_vs_exp"", ""X6β_p0_vs_exp"", ""X6α_vs_exp"", ""X6β_v2_vs_p0""]",False,[],False,[],False,[],False,[],False,[],False,[],False,[],True,
results_day9_x6beta_v2_truephase0_mj1freq.csv,/Users/louislu/pybamm-dcac-superimposed/data/results_day9_x6beta_v2_truephase0_mj1freq.csv,6.9,2026-04-28 12:59,18,case_id|I_DC_Crate|A_Crate|f_Hz|kappa|wall_clock_s|status|V_rest_end|V_init_phase2|condition|tau_label|batch|sin_at_phase2_start|CC_time_s|CV_time_s|CC_time_min|CV_time_min|Q_net_final_mAh,"[""case_id"", ""I_DC_Crate"", ""A_Crate"", ""f_Hz"", ""kappa"", ""wall_clock_s"", ""status"", ""V_rest_end"", ""V_init_phase2"", ""condition"", ""tau_label"", ""batch"", ""sin_at_phase2_start"", ""CC_time_s"", ""CV_time_s"", ""CC_time_min"", ""CV_time_min"", ""Q_net_final_mAh""]",False,[],False,[],False,[],False,[],False,[],False,[],False,[],True,
