param_set,protocol,tau95_eq_s,f_anchor_Hz,T_anchor_s,Q_nom_Ah,V_min_cutoff,V_max_cutoff,I_dc_A,I_ac_A,termination,termination_class,feasibility_verdict,t_end_s,t_max_s,V_init_charge,V_min_obs,V_max_obs,V_below_Vmin_fraction,V_above_Vmax_fraction,Q_net_end_Ah,t_to_Vmax_s,Q_to_Vmax_Ah,n_t_eval,dt_eval_s,wall_s
Ecker2015,DC_0p2C,16.349925670057466,0.0,,0.15625,2.5,4.2,0.03125,0.0,event: Maximum voltage [V],Vmax_event,feasible_clean,18535.598918266547,42750.0,3.306925907077255,3.306925907077255,4.199999999999999,0.0,9.382623381497467e-05,0.16089929616550822,18535.598918266547,0.16089929616550822,10658,10.0,2.448268175125122
Ecker2015,DCAC_DC0p2C_AC0p8C_10tau,16.349925670057466,0.0009734291537689,1027.2961274359038,0.15625,2.5,4.2,0.03125,0.125,event: Maximum voltage [V],Vmax_event,feasible_clean,18266.37367327253,42750.0,3.306925907077255,2.833736579309515,4.200000000000001,0.0,7.05965407695023e-05,0.15398424423746504,18266.37367327253,0.15398424423746504,14165,10.0,3.225821018218994
Mohtat2020,DC_0p2C,30.03606189856617,0.0,,5.0,2.8,4.2,1.0,0.0,event: Maximum voltage [V],Vmax_event,feasible_clean,16706.235631020536,42750.0,3.479618463389577,3.479618463389577,4.2,0.0,9.19963201471941e-05,4.640621008616815,16706.235631020536,4.640621008616815,10870,10.0,1.4977748394012451
Mohtat2020,DCAC_DC0p2C_AC0p8C_10tau,30.03606189856617,0.0005298795282463,1887.2214280661497,5.0,2.8,4.2,1.0,4.0,event: Minimum voltage [V],Vmin_event,boundary_confounded,432.28250765629224,42750.0,3.479618463389577,2.799999999999975,3.4824753011831033,0.0018726591760299626,0.0,-0.16986614962536528,,,534,10.0,0.22101664543151855
NCA_Kim2011,DC_0p2C,36.044609511082186,0.0,,0.43,2.7,4.2,0.08600000000000001,0.0,event: Maximum voltage [V],Vmax_event,feasible_clean,19099.365641785764,42750.0,3.1961683428796386,3.1961683428796386,4.2,0.0,9.46611132146914e-05,0.4562626236648835,19099.365641785764,0.4562626236648835,10564,10.0,1.5620958805084229
NCA_Kim2011,DCAC_DC0p2C_AC0p8C_10tau,36.044609511082186,0.000441549916203,2264.749608830762,0.43,2.7,4.2,0.08600000000000001,0.34400000000000003,event: Minimum voltage [V],Vmin_event,boundary_confounded,551.7605390989341,42750.0,3.1961683428796386,2.7,3.1988748392612667,0.0018115942028985507,0.0,-0.019883274501297354,,,552,10.0,0.21257495880126953
Ai2020,DC_0p2C,37.04603411316819,0.0,,2.28,3.0,4.2,0.45599999999999996,0.0,event: Maximum voltage [V],Vmax_event,feasible_clean,18097.74423013782,42750.0,3.581758828899323,3.581758828899323,4.2000000000000135,0.0,9.812579727210283e-05,2.2923809358174596,18097.74423013782,2.2923809358174596,10191,10.0,1.6608569622039795
Ai2020,DCAC_DC0p2C_AC0p8C_10tau,37.04603411316819,0.0004296139840656,2327.6709722914998,2.28,3.0,4.2,0.45599999999999996,1.8239999999999998,event: Minimum voltage [V],Vmin_event,boundary_confounded,521.9189303472793,42750.0,3.581758828830135,2.999999999999969,3.585204286760948,0.0016474464579901153,0.0,-0.09132265449542105,,,607,10.0,0.21701884269714355
Chen2020,DC_0p2C,39.04888331734019,0.0,,5.0,2.5,4.2,1.0,0.0,event: Maximum voltage [V],Vmax_event,feasible_clean,16659.71567625351,42750.0,3.1578966263866057,3.1578966263866057,4.2,0.0,0.00010566356720202873,4.627698798959308,16659.71567625351,4.627698798959308,9464,10.0,1.3698880672454834
Chen2020,DCAC_DC0p2C_AC0p8C_10tau,39.04888331734019,0.0004075787309933,2453.5136992132166,5.0,2.5,4.2,1.0,4.0,event: Minimum voltage [V],Vmin_event,boundary_confounded,497.6143671192806,42750.0,3.1578966263866057,2.5,3.1674656844149194,0.0017271157167530224,0.0,-0.16889816815184425,,,579,10.0,0.18954110145568848
OKane2022,DC_0p2C,40.05030791942619,0.0,,5.0,2.5,4.2,1.0,0.0,event: Maximum voltage [V],Vmax_event,feasible_clean,16548.641554760092,42750.0,3.177914875823376,3.177914875823376,4.2,0.0,0.00010634903754121025,4.596844876322248,16548.641554760092,4.596844876322248,9403,10.0,1.462679147720337
OKane2022,DCAC_DC0p2C_AC0p8C_10tau,40.05030791942619,0.0003973875641907,2516.435062673768,5.0,2.5,4.2,1.0,4.0,event: Minimum voltage [V],Vmin_event,boundary_confounded,501.46725599615434,42750.0,3.177914875823376,2.5,3.186546978308957,0.0016556291390728477,0.0,-0.1662707844604817,,,604,10.0,0.1905229091644287
Marquis2019,DC_0p2C,41.71934892290287,0.0,,0.680616,3.105,4.1,0.1361232,0.0,event: Maximum voltage [V],Vmax_event,feasible_clean,21392.539258209235,42750.0,3.653305202047714,3.653305202047714,4.1,0.0,9.477774618519572e-05,0.8088946944314095,21392.539258209235,0.8088946944314095,10551,10.0,1.6264410018920898
Marquis2019,DCAC_DC0p2C_AC0p8C_10tau,41.71934892290287,0.0003814895179357,2621.3040017748267,0.680616,3.105,4.1,0.1361232,0.5444928,event: Minimum voltage [V],Vmin_event,boundary_confounded,600.3852804265927,42750.0,3.653305202047714,3.1049999999999995,3.6554337468968656,0.0016611295681063123,0.0,-0.03211199935105503,,,602,10.0,0.27733707427978516
ORegan2022,DC_0p2C,47.72789653541888,0.0,,5.0,2.5,4.4,1.0,0.0,event: Maximum voltage [V],Vmax_event,feasible_clean,17006.861900825734,42750.0,3.0992821237593953,3.0992821237593953,4.400000000000024,0.0,8.078849571820973e-05,4.724128305784926,17006.861900825734,4.724128305784926,12378,10.0,3.230437994003296
ORegan2022,DCAC_DC0p2C_AC0p8C_10tau,47.72789653541888,0.0003334631413596,2998.8321825398384,5.0,2.5,4.4,1.0,4.0,event: Minimum voltage [V],Vmin_event,boundary_confounded,438.26847390693814,42750.0,3.0992821237593953,2.5,3.122822915632437,0.0019230769230769232,0.0,-0.08656400223981789,,,520,10.0,0.29309606552124023
