model_type,condition,feature_id,tau_factor_set,omega_tau_set,n_Q,window_valid_fraction,delta_x_inst_mean,delta_x_inst_abs_mean,delta_x_cycle_mean,delta_x_cycle_abs_mean,cycle_amp_mean,cycle_amp_max,cycle_count_min,cycle_count_max
DFN,Chen2020_DFN_hier_DC03_AC07_0p5tauSet,cell_temperature_K,0.5,2.0,80,1.0,0.0,0.0,-4.121147867408581e-14,4.831690603168681e-14,0.0,0.0,3.471482243474841,70.25847424177101
DFN,Chen2020_DFN_hier_DC03_AC07_0p5tauSet,elyte_c_mean,0.5,2.0,80,1.0,-12.244343306140701,12.366123164647064,1.1366922287900294,1.1366922287900294,38.54606299586611,39.29256973061365,3.471482243474841,70.25847424177101
DFN,Chen2020_DFN_hier_DC03_AC07_0p5tauSet,elyte_c_range,0.5,2.0,80,1.0,248.08664837853524,253.61983509773262,0.4236223906179418,3.9450888348630486,738.5072969248266,777.619747354836,3.471482243474841,70.25847424177101
DFN,Chen2020_DFN_hier_DC03_AC07_0p5tauSet,eta_n_mean,0.5,2.0,80,1.0,-0.042208044017383164,0.04255530294830726,0.011790717135315201,0.011790717135315201,0.1337371111881978,0.1673657110246668,3.471482243474841,70.25847424177101
DFN,Chen2020_DFN_hier_DC03_AC07_0p5tauSet,eta_p_mean,0.5,2.0,80,1.0,0.006333037398580832,0.00638816623026512,-0.0005138448076988094,0.0005138448076988094,0.017393708825745046,0.02008956728375688,3.471482243474841,70.25847424177101
DFN,Chen2020_DFN_hier_DC03_AC07_0p5tauSet,j_n_mean_signed,0.5,2.0,80,1.0,-0.7990515750386418,0.8047360231186488,0.043008402380536506,0.043008402380536506,2.083068962906795,2.083546140655211,3.471482243474841,70.25847424177101
DFN,Chen2020_DFN_hier_DC03_AC07_0p5tauSet,j_p_mean_signed,0.5,2.0,80,1.0,0.9047008724315143,0.9111369105527389,-0.0486944591298699,0.0486944591298699,2.3584895892119655,2.3590287834527928,3.471482243474841,70.25847424177101
DFN,Chen2020_DFN_hier_DC03_AC07_0p5tauSet,neg_avg_sto,0.5,2.0,80,1.0,-5.4565617933505055e-05,5.5048390933878746e-05,-0.0008927425098466748,0.0014926207162113026,0.010669414728268578,0.01071902356443144,3.471482243474841,70.25847424177101
DFN,Chen2020_DFN_hier_DC03_AC07_0p5tauSet,neg_avg_surface_sto,0.5,2.0,80,1.0,0.004833174505349202,0.004833174505349202,-0.001139757544418188,0.00160397021246889,0.020796266341365763,0.021120207970821425,3.471482243474841,70.25847424177101
DFN,Chen2020_DFN_hier_DC03_AC07_0p5tauSet,neg_max_surface_sto,0.5,2.0,80,1.0,0.019172775999635093,0.019172775999635093,0.011769074408029682,0.01195957594336666,0.026286524877357092,0.030222897895371748,3.471482243474841,70.25847424177101
DFN,Chen2020_DFN_hier_DC03_AC07_0p5tauSet,neg_min_surface_sto,0.5,2.0,80,1.0,-0.0012115903694656272,0.00328450491843211,-0.006589238383225363,0.006591253068104494,0.018362494672603084,0.021734736361422646,3.471482243474841,70.25847424177101
DFN,Chen2020_DFN_hier_DC03_AC07_0p5tauSet,neg_surface_minus_avg_sto,0.5,2.0,80,1.0,0.004887740123282704,0.004887740123282704,-0.00024701503457151097,0.00024701503457151097,0.012517330072314153,0.012529389285447001,3.471482243474841,70.25847424177101
DFN,Chen2020_DFN_hier_DC03_AC07_0p5tauSet,neg_surface_sto_range,0.5,2.0,80,1.0,0.020384366369100716,0.020384366369100716,0.018358312791255053,0.018358312791255056,0.008711831098755264,0.01293650245190231,3.471482243474841,70.25847424177101
DFN,Chen2020_DFN_hier_DC03_AC07_0p5tauSet,pos_avg_sto,0.5,2.0,80,1.0,3.641500439449941e-05,3.673718861227915e-05,0.0005957821729222045,0.000996117921847131,0.007120358917049971,0.007153465955057947,3.471482243474841,70.25847424177101
DFN,Chen2020_DFN_hier_DC03_AC07_0p5tauSet,pos_avg_surface_sto,0.5,2.0,80,1.0,-0.007451617081035147,0.007473087201770689,0.0009729661731728567,0.0011885967882412584,0.02808871531048875,0.02872774025629843,3.471482243474841,70.25847424177101
DFN,Chen2020_DFN_hier_DC03_AC07_0p5tauSet,pos_surface_minus_avg_sto,0.5,2.0,80,1.0,-0.00748803208542965,0.0075064273458919336,0.0003771840002506659,0.0003771840002506659,0.02216279569473833,0.02256951519431838,3.471482243474841,70.25847424177101
DFN,Chen2020_DFN_hier_DC03_AC07_0p5tauSet,total_heating_mean,0.5,2.0,80,1.0,0.0,0.0,0.0,0.0,0.0,0.0,3.471482243474841,70.25847424177101
DFN,Chen2020_DFN_hier_DC03_AC07_1p5tauSet,cell_temperature_K,1.5,0.6666666666666666,80,1.0,0.0,0.0,-2.7711166694643907e-14,3.623767952376511e-14,0.0,0.0,1.1829328066771567,23.2277487213083
DFN,Chen2020_DFN_hier_DC03_AC07_1p5tauSet,elyte_c_mean,1.5,0.6666666666666666,80,1.0,-23.452765298492082,23.452765298492082,1.86452787512319,1.86452787512319,62.60902687921068,64.17366377234578,1.1829328066771567,23.2277487213083
DFN,Chen2020_DFN_hier_DC03_AC07_1p5tauSet,elyte_c_range,1.5,0.6666666666666666,80,1.0,526.7398122076825,526.7398122076826,121.85509804154154,121.85509804154154,995.6219142510265,1045.8711672095574,1.1829328066771567,23.2277487213083
DFN,Chen2020_DFN_hier_DC03_AC07_1p5tauSet,eta_n_mean,1.5,0.6666666666666666,80,1.0,-0.044933015630196575,0.04554360034790098,0.00816373466059124,0.00816373466059124,0.13549512873261071,0.16854518582953815,1.1829328066771567,23.2277487213083
DFN,Chen2020_DFN_hier_DC03_AC07_1p5tauSet,eta_p_mean,1.5,0.6666666666666666,80,1.0,0.0059587073371152235,0.006053109590269194,-0.0004892645963038559,0.0004892645963038559,0.017207433640384462,0.019728377206221115,1.1829328066771567,23.2277487213083
DFN,Chen2020_DFN_hier_DC03_AC07_1p5tauSet,j_n_mean_signed,1.5,0.6666666666666666,80,1.0,-0.7963953206349793,0.8063076746484938,0.016218796305943275,0.016218796305943275,2.0834797404921233,2.0835459755390837,1.1829328066771567,23.2277487213083
DFN,Chen2020_DFN_hier_DC03_AC07_1p5tauSet,j_p_mean_signed,1.5,0.6666666666666666,80,1.0,0.9016936185865905,0.912916596387039,-0.01836323107665437,0.01836323107665437,2.3589546476485346,2.359029611255515,1.1829328066771567,23.2277487213083
DFN,Chen2020_DFN_hier_DC03_AC07_1p5tauSet,neg_avg_sto,1.5,0.6666666666666666,80,1.0,1.4386793478452127e-05,2.990965823674186e-05,-0.0024610344250957233,0.004515846573175659,0.03202449164865263,0.03213726508731592,1.1829328066771567,23.2277487213083
DFN,Chen2020_DFN_hier_DC03_AC07_1p5tauSet,neg_avg_surface_sto,1.5,0.6666666666666666,80,1.0,0.0075595113871939346,0.0075595113871939346,-0.0026221713819652133,0.004557399854660623,0.04356326465799581,0.04423609019497174,1.1829328066771567,23.2277487213083
DFN,Chen2020_DFN_hier_DC03_AC07_1p5tauSet,neg_max_surface_sto,1.5,0.6666666666666666,80,1.0,0.03518972271761458,0.03518972271761458,0.02095383047213398,0.021463447462869746,0.057794994743570506,0.07003462967583668,1.1829328066771567,23.2277487213083
DFN,Chen2020_DFN_hier_DC03_AC07_1p5tauSet,neg_min_surface_sto,1.5,0.6666666666666666,80,1.0,-0.00533864061819341,0.006860156415475284,-0.013669028200316702,0.013729385580624354,0.03712475965453514,0.0455068863821011,1.1829328066771567,23.2277487213083
DFN,Chen2020_DFN_hier_DC03_AC07_1p5tauSet,neg_surface_minus_avg_sto,1.5,0.6666666666666666,80,1.0,0.007545124593715484,0.007545124593715484,-0.000161136956869499,0.000161136956869499,0.018733883593771785,0.018741256428673664,1.1829328066771567,23.2277487213083
DFN,Chen2020_DFN_hier_DC03_AC07_1p5tauSet,neg_surface_sto_range,1.5,0.6666666666666666,80,1.0,0.04052836333580799,0.04052836333580799,0.03462285867245067,0.03462285867245067,0.023402420285556363,0.03648583027166169,1.1829328066771567,23.2277487213083
DFN,Chen2020_DFN_hier_DC03_AC07_1p5tauSet,pos_avg_sto,1.5,0.6666666666666666,80,1.0,-9.601195177636607e-06,1.9960560832821968e-05,0.0016424001559771791,0.0030137031162679796,0.021371919686496273,0.021447180361994,1.1829328066771567,23.2277487213083
DFN,Chen2020_DFN_hier_DC03_AC07_1p5tauSet,pos_avg_surface_sto,1.5,0.6666666666666666,80,1.0,-0.014398007391892795,0.014398007391892795,0.001960875404885363,0.0031314485150729966,0.05566300385715874,0.05756065879709471,1.1829328066771567,23.2277487213083
DFN,Chen2020_DFN_hier_DC03_AC07_1p5tauSet,pos_surface_minus_avg_sto,1.5,0.6666666666666666,80,1.0,-0.014388406196715168,0.014388406196715168,0.0003184752489081885,0.0003184752489081885,0.0388687835135982,0.03999803072585861,1.1829328066771567,23.2277487213083
DFN,Chen2020_DFN_hier_DC03_AC07_1p5tauSet,total_heating_mean,1.5,0.6666666666666666,80,1.0,0.0,0.0,0.0,0.0,0.0,0.0,1.1829328066771567,23.2277487213083
DFN,Chen2020_DFN_hier_DC03_AC07_3p0tauSet,cell_temperature_K,3.0,0.3333333333333333,80,0.9875,0.0,0.0,-3.552713678800501e-14,4.689582056016661e-14,0.0,0.0,0.274014050117809,11.296132745532983
DFN,Chen2020_DFN_hier_DC03_AC07_3p0tauSet,elyte_c_mean,3.0,0.3333333333333333,80,0.9875,-25.46478538114434,25.46478538114434,1.0874631283926548,1.3415251923652662,68.71804733844475,70.85306261084224,0.274014050117809,11.296132745532983
DFN,Chen2020_DFN_hier_DC03_AC07_3p0tauSet,elyte_c_range,3.0,0.3333333333333333,80,0.9875,586.8106867238093,586.8106867238093,171.03812630779478,171.03812630779478,1066.4977446561875,1110.4719142394997,0.274014050117809,11.296132745532983
DFN,Chen2020_DFN_hier_DC03_AC07_3p0tauSet,eta_n_mean,3.0,0.3333333333333333,80,0.9875,-0.045246286260376474,0.046063452577013365,0.005199083607731136,0.005264556304010148,0.13631452354171483,0.1665181488917159,0.274014050117809,11.296132745532983
DFN,Chen2020_DFN_hier_DC03_AC07_3p0tauSet,eta_p_mean,3.0,0.3333333333333333,80,0.9875,0.00579717723774323,0.005901962244741941,-0.000288773732820537,0.00033549722481143876,0.017212158672090007,0.0195476569348072,0.274014050117809,11.296132745532983
DFN,Chen2020_DFN_hier_DC03_AC07_3p0tauSet,j_n_mean_signed,3.0,0.3333333333333333,80,0.9875,-0.7904073737768477,0.8015973737409634,-0.01564016438480774,0.016152981825381812,2.0835294693275968,2.0835449087171884,0.274014050117809,11.296132745532983
DFN,Chen2020_DFN_hier_DC03_AC07_3p0tauSet,j_p_mean_signed,3.0,0.3333333333333333,80,0.9875,0.8949139747159279,0.9075834998372617,0.017708083148322177,0.018288704561368208,2.359010913630901,2.3590284054793393,0.274014050117809,11.296132745532983
DFN,Chen2020_DFN_hier_DC03_AC07_3p0tauSet,neg_avg_sto,3.0,0.3333333333333333,80,0.9875,-7.710332416681516e-06,1.7409776165852424e-05,-0.005062045748262345,0.009158850333676175,0.06394530271777278,0.0642429954190773,0.274014050117809,11.296132745532983
DFN,Chen2020_DFN_hier_DC03_AC07_3p0tauSet,neg_avg_surface_sto,3.0,0.3333333333333333,80,0.9875,0.008676236011611256,0.008676236011611254,-0.004906145026859337,0.00910736984324791,0.07268274301644866,0.07388303911807087,0.274014050117809,11.296132745532983
DFN,Chen2020_DFN_hier_DC03_AC07_3p0tauSet,neg_max_surface_sto,3.0,0.3333333333333333,80,0.9875,0.0423108098303158,0.0423108098303158,0.02245485629499029,0.024309122659963565,0.09541955882895167,0.11867173916025647,0.274014050117809,11.296132745532983
DFN,Chen2020_DFN_hier_DC03_AC07_3p0tauSet,neg_min_surface_sto,3.0,0.3333333333333333,80,0.9875,-0.007069402096642391,0.008499807610121994,-0.017691095032525316,0.018139858486602507,0.062058105399984506,0.07580107311710771,0.274014050117809,11.296132745532983
DFN,Chen2020_DFN_hier_DC03_AC07_3p0tauSet,neg_surface_minus_avg_sto,3.0,0.3333333333333333,80,0.9875,0.00868394634402794,0.008683946344027938,0.00015590072140300704,0.00016916225558530297,0.021535062126338468,0.021540271610582556,0.274014050117809,11.296132745532983
DFN,Chen2020_DFN_hier_DC03_AC07_3p0tauSet,neg_surface_sto_range,3.0,0.3333333333333333,80,0.9875,0.04938021192695819,0.0493802119269582,0.040145951327515625,0.04014595132751562,0.039490861278587086,0.06336377790498865,0.274014050117809,11.296132745532983
DFN,Chen2020_DFN_hier_DC03_AC07_3p0tauSet,pos_avg_sto,3.0,0.3333333333333333,80,0.9875,5.145580668584199e-06,1.161861808930756e-05,0.0033782155347897988,0.006112266071214594,0.042674646923565596,0.04287331563541796,0.274014050117809,11.296132745532983
DFN,Chen2020_DFN_hier_DC03_AC07_3p0tauSet,pos_avg_surface_sto,3.0,0.3333333333333333,80,0.9875,-0.020549084364456408,0.020549084364456405,0.003008986648435151,0.006131594900334969,0.08555713873430923,0.08758830839853182,0.274014050117809,11.296132745532983
DFN,Chen2020_DFN_hier_DC03_AC07_3p0tauSet,pos_surface_minus_avg_sto,3.0,0.3333333333333333,80,0.9875,-0.020554229945124996,0.020554229945124996,-0.00036922888635466906,0.00042857885567646316,0.05267490761787008,0.053173516769675855,0.274014050117809,11.296132745532983
DFN,Chen2020_DFN_hier_DC03_AC07_3p0tauSet,total_heating_mean,3.0,0.3333333333333333,80,0.9875,0.0,0.0,0.0,0.0,0.0,0.0,0.274014050117809,11.296132745532983
DFN,Chen2020_DFN_hier_DC03_AC07_5p0tauSet,cell_temperature_K,5.0,0.2,80,0.9375,0.0,0.0,7.105427357601002e-15,3.694822225952521e-14,0.0,0.0,0.18875586237596187,6.396810609826552
DFN,Chen2020_DFN_hier_DC03_AC07_5p0tauSet,elyte_c_mean,5.0,0.2,80,0.9375,-26.234573347523412,26.2995858994881,-0.048329960617161306,1.2989423640166138,70.46127175172728,72.79396356377379,0.18875586237596187,6.396810609826552
DFN,Chen2020_DFN_hier_DC03_AC07_5p0tauSet,elyte_c_range,5.0,0.2,80,0.9375,608.6552871453842,609.8156180264996,201.0482482438199,201.0482482438199,1091.6976474655778,1123.9158434589267,0.18875586237596187,6.396810609826552
DFN,Chen2020_DFN_hier_DC03_AC07_5p0tauSet,eta_n_mean,5.0,0.2,80,0.9375,-0.04687658353288264,0.04769332683841414,0.002344246568704684,0.00397508611124737,0.13646543606353914,0.15882091508193014,0.18875586237596187,6.396810609826552
DFN,Chen2020_DFN_hier_DC03_AC07_5p0tauSet,eta_p_mean,5.0,0.2,80,0.9375,0.005957113924432976,0.006047798494251444,-1.7302075294443387e-05,0.00032893502435074026,0.017186617332805472,0.018969126720904228,0.18875586237596187,6.396810609826552
DFN,Chen2020_DFN_hier_DC03_AC07_5p0tauSet,j_n_mean_signed,5.0,0.2,80,0.9375,-0.8158648081906856,0.825951161867325,-0.050806365052551726,0.050806365052551726,2.0822249203006633,2.083545711900096,0.18875586237596187,6.396810609826552
DFN,Chen2020_DFN_hier_DC03_AC07_5p0tauSet,j_p_mean_signed,5.0,0.2,80,0.9375,0.9237373320713811,0.9351572897772957,0.05752390441285114,0.05752390441285116,2.357533885073816,2.359029313107497,0.18875586237596187,6.396810609826552
DFN,Chen2020_DFN_hier_DC03_AC07_5p0tauSet,neg_avg_sto,5.0,0.2,80,0.9375,5.383634239397462e-05,5.383634239397462e-05,-0.006567296425294583,0.015202778267774575,0.10647313038849338,0.10706894490651392,0.18875586237596187,6.396810609826552
DFN,Chen2020_DFN_hier_DC03_AC07_5p0tauSet,neg_avg_surface_sto,5.0,0.2,80,0.9375,0.00920073519113242,0.00922327851036175,-0.006016605621578487,0.015221428533105517,0.11239129247028626,0.11382015903120268,0.18875586237596187,6.396810609826552
DFN,Chen2020_DFN_hier_DC03_AC07_5p0tauSet,neg_max_surface_sto,5.0,0.2,80,0.9375,0.04569692974070229,0.04569692974070229,0.022443605714220403,0.027123349138365456,0.14592055611930696,0.17825054008990843,0.18875586237596187,6.396810609826552
DFN,Chen2020_DFN_hier_DC03_AC07_5p0tauSet,neg_min_surface_sto,5.0,0.2,80,0.9375,-0.008057013715699453,0.009564870842529724,-0.019429789831773157,0.02211602899229432,0.09668743507085553,0.11541805370975977,0.18875586237596187,6.396810609826552
DFN,Chen2020_DFN_hier_DC03_AC07_5p0tauSet,neg_surface_minus_avg_sto,5.0,0.2,80,0.9375,0.009146898848738453,0.00917044624745532,0.0005506908037160964,0.0005506908037160964,0.022440973002227093,0.0224768475859638,0.18875586237596187,6.396810609826552
DFN,Chen2020_DFN_hier_DC03_AC07_5p0tauSet,neg_surface_sto_range,5.0,0.2,80,0.9375,0.05375394345640174,0.05375394345640174,0.04187339554599357,0.04187339554599357,0.056933539930076695,0.09131633506280235,0.18875586237596187,6.396810609826552
DFN,Chen2020_DFN_hier_DC03_AC07_5p0tauSet,pos_avg_sto,5.0,0.2,80,0.9375,-3.5928313820202117e-05,3.5928313820202117e-05,0.0043827622089575805,0.010145752186019135,0.0710560909568243,0.07145371475572426,0.18875586237596187,6.396810609826552
DFN,Chen2020_DFN_hier_DC03_AC07_5p0tauSet,pos_avg_surface_sto,5.0,0.2,80,0.9375,-0.026038764123394176,0.026038764123394183,0.0026521293758643414,0.010574660692220215,0.11905178060518962,0.12178762357648998,0.18875586237596187,6.396810609826552
DFN,Chen2020_DFN_hier_DC03_AC07_5p0tauSet,pos_surface_minus_avg_sto,5.0,0.2,80,0.9375,-0.026002835809573972,0.026002835809573976,-0.0017306328330932586,0.0017306328330932586,0.06446053748846406,0.06489110979107293,0.18875586237596187,6.396810609826552
DFN,Chen2020_DFN_hier_DC03_AC07_5p0tauSet,total_heating_mean,5.0,0.2,80,0.9375,0.0,0.0,0.0,0.0,0.0,0.0,0.18875586237596187,6.396810609826552
SPM,Chen2020_SPM_hier_DC03_AC07_0p5tauSet,cell_temperature_K,0.5,2.0,80,1.0,0.0,0.0,-1.0658141036401503e-14,3.765876499528531e-14,0.0,0.0,3.4711332270637394,80.34763207657365
SPM,Chen2020_SPM_hier_DC03_AC07_0p5tauSet,elyte_c_mean,0.5,2.0,80,1.0,0.0,0.0,0.0,0.0,0.0,0.0,3.4711332270637394,80.34763207657365
SPM,Chen2020_SPM_hier_DC03_AC07_0p5tauSet,elyte_c_range,0.5,2.0,80,1.0,0.0,0.0,0.0,0.0,0.0,0.0,3.4711332270637394,80.34763207657365
SPM,Chen2020_SPM_hier_DC03_AC07_0p5tauSet,eta_n_mean,0.5,2.0,80,1.0,-0.03789742064736947,0.038128896486226846,0.007622126873236613,0.007622126873236613,0.1272976250369774,0.16060609801615214,3.4711332270637394,80.34763207657365
SPM,Chen2020_SPM_hier_DC03_AC07_0p5tauSet,eta_p_mean,0.5,2.0,80,1.0,0.0067960699661815255,0.006825908993757906,0.00017419078523557763,0.00017876415243799152,0.01842111914819945,0.02130727144240284,3.4711332270637394,80.34763207657365
SPM,Chen2020_SPM_hier_DC03_AC07_0p5tauSet,j_n_mean_signed,0.5,2.0,80,1.0,-0.7777081894560101,0.7811475417523752,-0.02400019109017361,0.024073137417972127,2.0829001669588836,2.0835417111707795,3.4711332270637394,80.34763207657365
SPM,Chen2020_SPM_hier_DC03_AC07_0p5tauSet,j_p_mean_signed,0.5,2.0,80,1.0,0.8805357163514177,0.8844298151652454,0.027173463955598866,0.027256055148380576,2.358298415096437,2.3590247834179374,3.4711332270637394,80.34763207657365
SPM,Chen2020_SPM_hier_DC03_AC07_0p5tauSet,neg_avg_sto,0.5,2.0,80,1.0,0.00010811642793206785,0.00010846142476178353,-0.000804428459489445,0.0015564068086936082,0.01067599059837982,0.010698471023215639,3.4711332270637394,80.34763207657365
SPM,Chen2020_SPM_hier_DC03_AC07_0p5tauSet,neg_avg_surface_sto,0.5,2.0,80,1.0,0.005077214608458297,0.005077214608458297,-0.0006302632443221488,0.001499941718555714,0.020799531788736787,0.0210955101821918,3.4711332270637394,80.34763207657365
SPM,Chen2020_SPM_hier_DC03_AC07_0p5tauSet,neg_max_surface_sto,0.5,2.0,80,1.0,0.005077214608458295,0.005077214608458295,-0.0006302632443221436,0.0014999417185557267,0.020799531788736784,0.021095510182191912,3.4711332270637394,80.34763207657365
SPM,Chen2020_SPM_hier_DC03_AC07_0p5tauSet,neg_min_surface_sto,0.5,2.0,80,1.0,0.005077214608458295,0.005077214608458295,-0.0006302632443221436,0.0014999417185557267,0.020799531788736784,0.021095510182191912,3.4711332270637394,80.34763207657365
SPM,Chen2020_SPM_hier_DC03_AC07_0p5tauSet,neg_surface_minus_avg_sto,0.5,2.0,80,1.0,0.004969098180526224,0.004969098180526224,0.0001741652151673046,0.0001741652151673046,0.012512323181864729,0.012517007897045351,3.4711332270637394,80.34763207657365
SPM,Chen2020_SPM_hier_DC03_AC07_0p5tauSet,neg_surface_sto_range,0.5,2.0,80,1.0,0.0,0.0,0.0,0.0,0.0,0.0,3.4711332270637394,80.34763207657365
SPM,Chen2020_SPM_hier_DC03_AC07_0p5tauSet,pos_avg_sto,0.5,2.0,80,1.0,-7.215276482448255e-05,7.2383002500543e-05,0.0005368447567682393,0.001038686317954788,0.007124747401008644,0.007139749975893561,3.4711332270637394,80.34763207657365
SPM,Chen2020_SPM_hier_DC03_AC07_0p5tauSet,pos_avg_surface_sto,0.5,2.0,80,1.0,-0.007875908083751583,0.007890815706236726,0.00025469496216614095,0.0009615658975413776,0.028096089724846056,0.028411872877509792,3.4711332270637394,80.34763207657365
SPM,Chen2020_SPM_hier_DC03_AC07_0p5tauSet,pos_surface_minus_avg_sto,0.5,2.0,80,1.0,-0.007803755318927104,0.007823619674096192,-0.00028214979460209423,0.0002861708378453865,0.022130830286530574,0.022251589970237684,3.4711332270637394,80.34763207657365
SPM,Chen2020_SPM_hier_DC03_AC07_0p5tauSet,total_heating_mean,0.5,2.0,80,1.0,0.0,0.0,0.0,0.0,0.0,0.0,3.4711332270637394,80.34763207657365
SPM,Chen2020_SPM_hier_DC03_AC07_1p5tauSet,cell_temperature_K,1.5,0.6666666666666666,80,1.0,0.0,0.0,-7.815970093361103e-15,2.3447910280083305e-14,0.0,0.0,1.1829323687078181,26.36296425878692
SPM,Chen2020_SPM_hier_DC03_AC07_1p5tauSet,elyte_c_mean,1.5,0.6666666666666666,80,1.0,0.0,0.0,0.0,0.0,0.0,0.0,1.1829323687078181,26.36296425878692
SPM,Chen2020_SPM_hier_DC03_AC07_1p5tauSet,elyte_c_range,1.5,0.6666666666666666,80,1.0,0.0,0.0,0.0,0.0,0.0,0.0,1.1829323687078181,26.36296425878692
SPM,Chen2020_SPM_hier_DC03_AC07_1p5tauSet,eta_n_mean,1.5,0.6666666666666666,80,1.0,-0.03915627727288577,0.03967716069980189,0.006464209190502808,0.006464209190502808,0.12747805226205755,0.1600561854400846,1.1829323687078181,26.36296425878692
SPM,Chen2020_SPM_hier_DC03_AC07_1p5tauSet,eta_p_mean,1.5,0.6666666666666666,80,1.0,0.007100519056282492,0.0071666981950064615,0.00032241609825898554,0.00032241609825898554,0.01841968435946386,0.021101747495239968,1.1829323687078181,26.36296425878692
SPM,Chen2020_SPM_hier_DC03_AC07_1p5tauSet,j_n_mean_signed,1.5,0.6666666666666666,80,1.0,-0.8111067670527904,0.8185154762880067,-0.04181725709361755,0.04181725709361755,2.08348130262504,2.0835459945030546,1.1829323687078181,26.36296425878692
SPM,Chen2020_SPM_hier_DC03_AC07_1p5tauSet,j_p_mean_signed,1.5,0.6666666666666666,80,1.0,0.9183502087896033,0.9267384875580623,0.047346278372786495,0.047346278372786495,2.358956387735833,2.359029633086624,1.1829323687078181,26.36296425878692
SPM,Chen2020_SPM_hier_DC03_AC07_1p5tauSet,neg_avg_sto,1.5,0.6666666666666666,80,1.0,0.00013600121821656321,0.0001360147198428521,-0.0016552737426801106,0.004349119183060397,0.03204399198207157,0.03211566339711647,1.1829323687078181,26.36296425878692
SPM,Chen2020_SPM_hier_DC03_AC07_1p5tauSet,neg_avg_surface_sto,1.5,0.6666666666666666,80,1.0,0.007738625343934394,0.007738625343934394,-0.0011883941205930487,0.004261845352326028,0.04366828267496453,0.04421271475678301,1.1829323687078181,26.36296425878692
SPM,Chen2020_SPM_hier_DC03_AC07_1p5tauSet,neg_max_surface_sto,1.5,0.6666666666666666,80,1.0,0.007738625343934391,0.007738625343934391,-0.0011883941205930494,0.004261845352326015,0.043668282674964504,0.04421271475678301,1.1829323687078181,26.36296425878692
SPM,Chen2020_SPM_hier_DC03_AC07_1p5tauSet,neg_min_surface_sto,1.5,0.6666666666666666,80,1.0,0.007738625343934391,0.007738625343934391,-0.0011883941205930494,0.004261845352326015,0.043668282674964504,0.04421271475678301,1.1829323687078181,26.36296425878692
SPM,Chen2020_SPM_hier_DC03_AC07_1p5tauSet,neg_surface_minus_avg_sto,1.5,0.6666666666666666,80,1.0,0.0076026241257178325,0.0076026241257178325,0.00046687962208706764,0.0004668796220870677,0.0187304229346321,0.018732332304678245,1.1829323687078181,26.36296425878692
SPM,Chen2020_SPM_hier_DC03_AC07_1p5tauSet,neg_surface_sto_range,1.5,0.6666666666666666,80,1.0,0.0,0.0,0.0,0.0,0.0,0.0,1.1829323687078181,26.36296425878692
SPM,Chen2020_SPM_hier_DC03_AC07_1p5tauSet,pos_avg_sto,1.5,0.6666666666666666,80,1.0,-9.076200630628722e-05,9.077101677476413e-05,0.0011046663246326866,0.0029024356391704788,0.021384933462460527,0.02143276422096063,1.1829323687078181,26.36296425878692
SPM,Chen2020_SPM_hier_DC03_AC07_1p5tauSet,pos_avg_surface_sto,1.5,0.6666666666666666,80,1.0,-0.014475398341265133,0.014475398341265133,9.26962006821283e-05,0.002802634903027172,0.0557727570613095,0.05752488315793447,1.1829323687078181,26.36296425878692
SPM,Chen2020_SPM_hier_DC03_AC07_1p5tauSet,pos_surface_minus_avg_sto,1.5,0.6666666666666666,80,1.0,-0.014384636334958853,0.014384636334958853,-0.0010119701239505567,0.0010119701239505567,0.03887031328581951,0.039979156283224015,1.1829323687078181,26.36296425878692
SPM,Chen2020_SPM_hier_DC03_AC07_1p5tauSet,total_heating_mean,1.5,0.6666666666666666,80,1.0,0.0,0.0,0.0,0.0,0.0,0.0,1.1829323687078181,26.36296425878692
SPM,Chen2020_SPM_hier_DC03_AC07_3p0tauSet,cell_temperature_K,3.0,0.3333333333333333,80,0.9875,0.0,0.0,-7.815970093361103e-15,3.197442310920451e-14,0.0,0.0,0.2740143952528123,13.209724532219992
SPM,Chen2020_SPM_hier_DC03_AC07_3p0tauSet,elyte_c_mean,3.0,0.3333333333333333,80,0.9875,0.0,0.0,0.0,0.0,0.0,0.0,0.2740143952528123,13.209724532219992
SPM,Chen2020_SPM_hier_DC03_AC07_3p0tauSet,elyte_c_range,3.0,0.3333333333333333,80,0.9875,0.0,0.0,0.0,0.0,0.0,0.0,0.2740143952528123,13.209724532219992
SPM,Chen2020_SPM_hier_DC03_AC07_3p0tauSet,eta_n_mean,3.0,0.3333333333333333,80,0.9875,-0.03892589431541885,0.039293477597092154,0.0044536908076430026,0.0046184318176072815,0.12765119727930108,0.15725735359223314,0.2740143952528123,13.209724532219992
SPM,Chen2020_SPM_hier_DC03_AC07_3p0tauSet,eta_p_mean,3.0,0.3333333333333333,80,0.9875,0.007027612795553788,0.007074589178278199,0.0005847311904215669,0.0005847311904215669,0.01843076293885569,0.02094678938477524,0.2740143952528123,13.209724532219992
SPM,Chen2020_SPM_hier_DC03_AC07_3p0tauSet,j_n_mean_signed,3.0,0.3333333333333333,80,0.9875,-0.8061294384080637,0.8113815355898556,-0.07120630930679996,0.07120630930679994,2.0835313587366704,2.083545377773443,0.2740143952528123,13.209724532219992
SPM,Chen2020_SPM_hier_DC03_AC07_3p0tauSet,j_p_mean_signed,3.0,0.3333333333333333,80,0.9875,0.9127147844709184,0.9186613068516987,0.08062111139405755,0.08062111139405755,2.359013062198967,2.359028934813856,0.2740143952528123,13.209724532219992
SPM,Chen2020_SPM_hier_DC03_AC07_3p0tauSet,neg_avg_sto,3.0,0.3333333333333333,80,0.9875,4.5083638781867606e-05,4.517170307740889e-05,-0.004065609902679278,0.00904147922520708,0.06402721532737714,0.06422543163443173,0.2740143952528123,13.209724532219992
SPM,Chen2020_SPM_hier_DC03_AC07_3p0tauSet,neg_avg_surface_sto,3.0,0.3333333333333333,80,0.9875,0.008806933170681755,0.008806933170681753,-0.003296746957409817,0.008848768804553622,0.07292837909733056,0.07384752776913206,0.2740143952528123,13.209724532219992
SPM,Chen2020_SPM_hier_DC03_AC07_3p0tauSet,neg_max_surface_sto,3.0,0.3333333333333333,80,0.9875,0.00880693317068175,0.00880693317068175,-0.0032967469574098204,0.00884876880455362,0.07292837909733056,0.07384752776913206,0.2740143952528123,13.209724532219992
SPM,Chen2020_SPM_hier_DC03_AC07_3p0tauSet,neg_min_surface_sto,3.0,0.3333333333333333,80,0.9875,0.00880693317068175,0.00880693317068175,-0.0032967469574098204,0.00884876880455362,0.07292837909733056,0.07384752776913206,0.2740143952528123,13.209724532219992
SPM,Chen2020_SPM_hier_DC03_AC07_3p0tauSet,neg_surface_minus_avg_sto,3.0,0.3333333333333333,80,0.9875,0.008761849531899879,0.008761849531899879,0.0007688629452694433,0.0007688629452694432,0.02153440932998198,0.02153662342616043,0.2740143952528123,13.209724532219992
SPM,Chen2020_SPM_hier_DC03_AC07_3p0tauSet,neg_surface_sto_range,3.0,0.3333333333333333,80,0.9875,0.0,0.0,0.0,0.0,0.0,0.0,0.2740143952528123,13.209724532219992
SPM,Chen2020_SPM_hier_DC03_AC07_3p0tauSet,pos_avg_sto,3.0,0.3333333333333333,80,0.9875,-3.008709452184538e-05,3.0145865261139993e-05,0.002713232399438283,0.0060339370869096085,0.04272931226323683,0.04286159423796293,0.2740143952528123,13.209724532219992
SPM,Chen2020_SPM_hier_DC03_AC07_3p0tauSet,pos_avg_surface_sto,3.0,0.3333333333333333,80,0.9875,-0.02045293634023034,0.02045293634023034,0.0008854649852180353,0.005816636147770337,0.08588708130246572,0.08753565866497248,0.2740143952528123,13.209724532219992
SPM,Chen2020_SPM_hier_DC03_AC07_3p0tauSet,pos_surface_minus_avg_sto,3.0,0.3333333333333333,80,0.9875,-0.0204228492457085,0.0204228492457085,-0.0018277674142202413,0.0018277674142202418,0.05268452301617763,0.05315025414935637,0.2740143952528123,13.209724532219992
SPM,Chen2020_SPM_hier_DC03_AC07_3p0tauSet,total_heating_mean,3.0,0.3333333333333333,80,0.9875,0.0,0.0,0.0,0.0,0.0,0.0,0.2740143952528123,13.209724532219992
SPM,Chen2020_SPM_hier_DC03_AC07_5p0tauSet,cell_temperature_K,5.0,0.2,80,0.95,0.0,0.0,6.394884621840902e-15,3.0553337637684307e-14,0.0,0.0,0.18875556587228715,7.409096225227174
SPM,Chen2020_SPM_hier_DC03_AC07_5p0tauSet,elyte_c_mean,5.0,0.2,80,0.95,0.0,0.0,0.0,0.0,0.0,0.0,0.18875556587228715,7.409096225227174
SPM,Chen2020_SPM_hier_DC03_AC07_5p0tauSet,elyte_c_range,5.0,0.2,80,0.95,0.0,0.0,0.0,0.0,0.0,0.0,0.18875556587228715,7.409096225227174
SPM,Chen2020_SPM_hier_DC03_AC07_5p0tauSet,eta_n_mean,5.0,0.2,80,0.95,-0.038420070013436364,0.039496017568146316,0.0027699284192039754,0.004138235056454816,0.12760605387500482,0.14963826997294935,0.18875556587228715,7.409096225227174
SPM,Chen2020_SPM_hier_DC03_AC07_5p0tauSet,eta_p_mean,5.0,0.2,80,0.95,0.006962761947312167,0.007094653574019128,0.0008067556412596913,0.0008067556412596915,0.01841250748786622,0.02035588419346937,0.18875556587228715,7.409096225227174
SPM,Chen2020_SPM_hier_DC03_AC07_5p0tauSet,j_n_mean_signed,5.0,0.2,80,0.95,-0.7993640387596523,0.8144742254825716,-0.09496912508862065,0.09496912508862065,2.082292894243837,2.0835458603672565,0.18875556587228715,7.409096225227174
SPM,Chen2020_SPM_hier_DC03_AC07_5p0tauSet,j_p_mean_signed,5.0,0.2,80,0.95,0.9050548728143568,0.9221629080268652,0.10752581459849231,0.10752581459849231,2.3576108496028314,2.359029481215572,0.18875556587228715,7.409096225227174
SPM,Chen2020_SPM_hier_DC03_AC07_5p0tauSet,neg_avg_sto,5.0,0.2,80,0.95,2.4990728029472208e-05,2.5105072902553356e-05,-0.007203178497278595,0.01517966853283376,0.10641011323614616,0.1070393945704976,0.18875556587228715,7.409096225227174
SPM,Chen2020_SPM_hier_DC03_AC07_5p0tauSet,neg_avg_surface_sto,5.0,0.2,80,0.95,0.00903879278603108,0.0091026046080728,-0.006161982048180148,0.015037076732026339,0.1122465032977856,0.11379921809910754,0.18875556587228715,7.409096225227174
SPM,Chen2020_SPM_hier_DC03_AC07_5p0tauSet,neg_max_surface_sto,5.0,0.2,80,0.95,0.009038792786031069,0.009102604608072794,-0.0061619820481801455,0.015037076732026328,0.11224650329778554,0.11379921809910754,0.18875556587228715,7.409096225227174
SPM,Chen2020_SPM_hier_DC03_AC07_5p0tauSet,neg_min_surface_sto,5.0,0.2,80,0.95,0.009038792786031069,0.009102604608072794,-0.0061619820481801455,0.015037076732026328,0.11224650329778554,0.11379921809910754,0.18875556587228715,7.409096225227174
SPM,Chen2020_SPM_hier_DC03_AC07_5p0tauSet,neg_surface_minus_avg_sto,5.0,0.2,80,0.95,0.009013802058001594,0.009078036977217287,0.0010411964490984467,0.0010411964490984465,0.022443412998169293,0.022476820439889522,0.18875556587228715,7.409096225227174
SPM,Chen2020_SPM_hier_DC03_AC07_5p0tauSet,neg_surface_sto_range,5.0,0.2,80,0.95,0.0,0.0,0.0,0.0,0.0,0.0,0.18875556587228715,7.409096225227174
SPM,Chen2020_SPM_hier_DC03_AC07_5p0tauSet,pos_avg_sto,5.0,0.2,80,0.95,-1.66778551319767e-05,1.675416452237219e-05,0.004807125559408633,0.010130329633662772,0.07101403572192398,0.07143399399278166,0.18875556587228715,7.409096225227174
SPM,Chen2020_SPM_hier_DC03_AC07_5p0tauSet,pos_avg_surface_sto,5.0,0.2,80,0.95,-0.025970807253477696,0.025970807253477696,0.00175865527157881,0.010099879751097648,0.11884232000581471,0.12176385394919431,0.18875556587228715,7.409096225227174
SPM,Chen2020_SPM_hier_DC03_AC07_5p0tauSet,pos_surface_minus_avg_sto,5.0,0.2,80,0.95,-0.025954129398345727,0.02595412939834573,-0.0030484702878298313,0.0030484702878298313,0.06450457042294906,0.06488312251522077,0.18875556587228715,7.409096225227174
SPM,Chen2020_SPM_hier_DC03_AC07_5p0tauSet,total_heating_mean,5.0,0.2,80,0.95,0.0,0.0,0.0,0.0,0.0,0.0,0.18875556587228715,7.409096225227174
SPMe,Chen2020_SPMe_hier_DC03_AC07_0p5tauSet,cell_temperature_K,0.5,2.0,80,1.0,0.0,0.0,-6.536993168992921e-14,7.247535904753021e-14,0.0,0.0,3.4711892234136004,70.17541393978247
SPMe,Chen2020_SPMe_hier_DC03_AC07_0p5tauSet,elyte_c_mean,0.5,2.0,80,1.0,-12.564481751730515,12.691487853029809,0.3526894342708218,0.3526894342708218,40.34801632795753,40.36009640008615,3.4711892234136004,70.17541393978247
SPMe,Chen2020_SPMe_hier_DC03_AC07_0p5tauSet,elyte_c_range,0.5,2.0,80,1.0,257.3596296625413,263.41290562706763,16.935049379398787,16.935049379398787,764.1843571805861,765.655701484783,3.4711892234136004,70.17541393978247
SPMe,Chen2020_SPMe_hier_DC03_AC07_0p5tauSet,eta_n_mean,0.5,2.0,80,1.0,-0.04210377835554694,0.04307448957772743,0.009033070205141238,0.009033070205141238,0.13464012442382275,0.16798266200095827,3.4711892234136004,70.17541393978247
SPMe,Chen2020_SPMe_hier_DC03_AC07_0p5tauSet,eta_p_mean,0.5,2.0,80,1.0,0.006256873490835707,0.006383325497928238,-0.00011641727228082592,0.0001326531004780331,0.01737904605638426,0.02006746094180427,3.4711892234136004,70.17541393978247
SPMe,Chen2020_SPMe_hier_DC03_AC07_0p5tauSet,j_n_mean_signed,0.5,2.0,80,1.0,-0.7920290217418162,0.8063328739831714,-0.005644023356939481,0.007358712860679345,2.0832649103205876,2.0835399962743337,3.4711892234136004,70.17541393978247
SPMe,Chen2020_SPMe_hier_DC03_AC07_0p5tauSet,j_p_mean_signed,0.5,2.0,80,1.0,0.8967500297487747,0.9129451180231264,0.006390268505701432,0.008331671940776405,2.358711384333018,2.359022841780199,3.4711892234136004,70.17541393978247
SPMe,Chen2020_SPMe_hier_DC03_AC07_0p5tauSet,neg_avg_sto,0.5,2.0,80,1.0,7.148020159918229e-06,7.467368764223735e-06,-0.0007469638947327209,0.0014505314525432285,0.010660299033796885,0.010697249650006346,3.4711892234136004,70.17541393978247
SPMe,Chen2020_SPMe_hier_DC03_AC07_0p5tauSet,neg_avg_surface_sto,0.5,2.0,80,1.0,0.004863448495443124,0.004863448495443124,-0.0006962746776587493,0.0014477268584698415,0.02073906262675889,0.021088369279212704,3.4711892234136004,70.17541393978247
SPMe,Chen2020_SPMe_hier_DC03_AC07_0p5tauSet,neg_max_surface_sto,0.5,2.0,80,1.0,0.004863448495443114,0.004863448495443114,-0.0006962746776587507,0.0014477268584698532,0.020739062626758883,0.021088369279212593,3.4711892234136004,70.17541393978247
SPMe,Chen2020_SPMe_hier_DC03_AC07_0p5tauSet,neg_min_surface_sto,0.5,2.0,80,1.0,0.004863448495443114,0.004863448495443114,-0.0006962746776587507,0.0014477268584698532,0.020739062626758883,0.021088369279212593,3.4711892234136004,70.17541393978247
SPMe,Chen2020_SPMe_hier_DC03_AC07_0p5tauSet,neg_surface_minus_avg_sto,0.5,2.0,80,1.0,0.004856300475283213,0.004856300475283213,5.068921707396992e-05,5.62927427796922e-05,0.012516088723040214,0.012519029762230294,3.4711892234136004,70.17541393978247
SPMe,Chen2020_SPMe_hier_DC03_AC07_0p5tauSet,neg_surface_sto_range,0.5,2.0,80,1.0,0.0,0.0,0.0,0.0,0.0,0.0,3.4711892234136004,70.17541393978247
SPMe,Chen2020_SPMe_hier_DC03_AC07_0p5tauSet,pos_avg_sto,0.5,2.0,80,1.0,-4.770314995759806e-06,4.983436028306587e-06,0.0004984951062492152,0.0009680291586392816,0.0071142754515488345,0.00713893487817352,3.4711892234136004,70.17541393978247
SPMe,Chen2020_SPMe_hier_DC03_AC07_0p5tauSet,pos_avg_surface_sto,0.5,2.0,80,1.0,-0.0074575734513714605,0.0074656435976812015,0.00041449335062509194,0.0009675361233007981,0.028028760112673457,0.02869903475922031,3.4711892234136004,70.17541393978247
SPMe,Chen2020_SPMe_hier_DC03_AC07_0p5tauSet,pos_surface_minus_avg_sto,0.5,2.0,80,1.0,-0.007452803136375695,0.007460942947771501,-8.400175562413908e-05,0.00010425825359410739,0.022154699325682748,0.022559007655777674,3.4711892234136004,70.17541393978247
SPMe,Chen2020_SPMe_hier_DC03_AC07_0p5tauSet,total_heating_mean,0.5,2.0,80,1.0,0.0,0.0,0.0,0.0,0.0,0.0,3.4711892234136004,70.17541393978247
SPMe,Chen2020_SPMe_hier_DC03_AC07_1p5tauSet,cell_temperature_K,1.5,0.6666666666666666,80,1.0,0.0,0.0,-1.6342482922482303e-14,3.0553337637684307e-14,0.0,0.0,1.1829294504562775,23.200988741861718
SPMe,Chen2020_SPMe_hier_DC03_AC07_1p5tauSet,elyte_c_mean,1.5,0.6666666666666666,80,1.0,-25.123314468211355,25.123314468211355,0.9438272244935518,0.9438272244935518,67.12997431283483,67.13308402555822,1.1829294504562775,23.200988741861718
SPMe,Chen2020_SPMe_hier_DC03_AC07_1p5tauSet,elyte_c_range,1.5,0.6666666666666666,80,1.0,569.9123324156327,569.9123324156327,153.28824928749145,153.28824928749145,1055.5999339065634,1057.3668111891875,1.1829294504562775,23.200988741861718
SPMe,Chen2020_SPMe_hier_DC03_AC07_1p5tauSet,eta_n_mean,1.5,0.6666666666666666,80,1.0,-0.04576551834017116,0.046598195418299806,0.0059025894238357215,0.0059025894238357215,0.13739938602948626,0.1694817702374506,1.1829294504562775,23.200988741861718
SPMe,Chen2020_SPMe_hier_DC03_AC07_1p5tauSet,eta_p_mean,1.5,0.6666666666666666,80,1.0,0.005852089904393687,0.005961654544549523,-0.0002697266319951327,0.0002697266319951327,0.017174052348396928,0.019693163572385194,1.1829294504562775,23.200988741861718
SPMe,Chen2020_SPMe_hier_DC03_AC07_1p5tauSet,j_n_mean_signed,1.5,0.6666666666666666,80,1.0,-0.7906173860752156,0.8026929910007914,-0.012459406045047016,0.012490924909375065,2.0834929980450605,2.083545386841406,1.1829294504562775,23.200988741861718
SPMe,Chen2020_SPMe_hier_DC03_AC07_1p5tauSet,j_p_mean_signed,1.5,0.6666666666666666,80,1.0,0.8951517495200594,0.9088239746266975,0.014106771891990322,0.014142458138009012,2.3589696295084996,2.359028945080772,1.1829294504562775,23.200988741861718
SPMe,Chen2020_SPMe_hier_DC03_AC07_1p5tauSet,neg_avg_sto,1.5,0.6666666666666666,80,1.0,4.468872241473673e-06,4.577535184044357e-06,-0.0023149238662633475,0.004589985853206275,0.03201166272911764,0.03210529230076513,1.1829294504562775,23.200988741861718
SPMe,Chen2020_SPMe_hier_DC03_AC07_1p5tauSet,neg_avg_surface_sto,1.5,0.6666666666666666,80,1.0,0.007541146086032407,0.007541146086032407,-0.0021880887416942567,0.0045568960643761255,0.0435102805599017,0.044195589104174204,1.1829294504562775,23.200988741861718
SPMe,Chen2020_SPMe_hier_DC03_AC07_1p5tauSet,neg_max_surface_sto,1.5,0.6666666666666666,80,1.0,0.007541146086032397,0.007541146086032397,-0.002188088741694245,0.004556896064376118,0.0435102805599017,0.04419558910417423,1.1829294504562775,23.200988741861718
SPMe,Chen2020_SPMe_hier_DC03_AC07_1p5tauSet,neg_min_surface_sto,1.5,0.6666666666666666,80,1.0,0.007541146086032397,0.007541146086032397,-0.002188088741694245,0.004556896064376118,0.0435102805599017,0.04419558910417423,1.1829294504562775,23.200988741861718
SPMe,Chen2020_SPMe_hier_DC03_AC07_1p5tauSet,neg_surface_minus_avg_sto,1.5,0.6666666666666666,80,1.0,0.007536677213790935,0.007536677213790935,0.0001268351245690984,0.0001268351245690984,0.018732033950190123,0.01873263555230209,1.1829294504562775,23.200988741861718
SPMe,Chen2020_SPMe_hier_DC03_AC07_1p5tauSet,neg_surface_sto_range,1.5,0.6666666666666666,80,1.0,0.0,0.0,0.0,0.0,0.0,0.0,1.1829294504562775,23.200988741861718
SPMe,Chen2020_SPMe_hier_DC03_AC07_1p5tauSet,pos_avg_sto,1.5,0.6666666666666666,80,1.0,-2.982354247041408e-06,3.0548717347422816e-06,0.0015448915627728447,0.0030631808333791617,0.021363358156746694,0.021425842948309293,1.1829294504562775,23.200988741861718
SPMe,Chen2020_SPMe_hier_DC03_AC07_1p5tauSet,pos_avg_surface_sto,1.5,0.6666666666666666,80,1.0,-0.014442356327490196,0.014442356327490196,0.0012870672803199194,0.0030273882749149196,0.05559945688172992,0.05752256117409593,1.1829294504562775,23.200988741861718
SPMe,Chen2020_SPMe_hier_DC03_AC07_1p5tauSet,pos_surface_minus_avg_sto,1.5,0.6666666666666666,80,1.0,-0.014439373973243144,0.014439373973243144,-0.0002578242824529344,0.00025803619125068815,0.03885669424390711,0.039978907370643246,1.1829294504562775,23.200988741861718
SPMe,Chen2020_SPMe_hier_DC03_AC07_1p5tauSet,total_heating_mean,1.5,0.6666666666666666,80,1.0,0.0,0.0,0.0,0.0,0.0,0.0,1.1829294504562775,23.200988741861718
SPMe,Chen2020_SPMe_hier_DC03_AC07_3p0tauSet,cell_temperature_K,3.0,0.3333333333333333,80,0.9875,0.0,0.0,-2.842170943040401e-15,1.5631940186722205e-14,0.0,0.0,0.2740143306827832,11.282722806249362
SPMe,Chen2020_SPMe_hier_DC03_AC07_3p0tauSet,elyte_c_mean,3.0,0.3333333333333333,80,0.9875,-27.581805649254534,27.581805649254534,0.8003803646308768,1.1672921377958545,73.89115283060535,73.8990614326367,0.2740143306827832,11.282722806249362
SPMe,Chen2020_SPMe_hier_DC03_AC07_3p0tauSet,elyte_c_range,3.0,0.3333333333333333,80,0.9875,638.8585642631397,638.8585642631397,198.00274046126722,198.00274046126722,1134.6424882543595,1144.7934123024702,0.2740143306827832,11.282722806249362
SPMe,Chen2020_SPMe_hier_DC03_AC07_3p0tauSet,eta_n_mean,3.0,0.3333333333333333,80,0.9875,-0.047181325597153954,0.04772276896180607,0.00420707172157303,0.004362856263182649,0.13849196931814411,0.16736463483209688,0.2740143306827832,11.282722806249362
SPMe,Chen2020_SPMe_hier_DC03_AC07_3p0tauSet,eta_p_mean,3.0,0.3333333333333333,80,0.9875,0.005812935446535953,0.005878675476313914,-0.00024725047937922785,0.0003137879906957686,0.017173831885878996,0.019514380000733016,0.2740143306827832,11.282722806249362
SPMe,Chen2020_SPMe_hier_DC03_AC07_3p0tauSet,j_n_mean_signed,3.0,0.3333333333333333,80,0.9875,-0.8003069238864849,0.8074621071395484,-0.022972731273064005,0.022972731273064005,2.0835270540078663,2.0835450607217814,0.2740143306827832,11.282722806249362
SPMe,Chen2020_SPMe_hier_DC03_AC07_3p0tauSet,j_p_mean_signed,3.0,0.3333333333333333,80,0.9875,0.906122424939754,0.9142236568629627,0.026010154788552953,0.026010154788552953,2.359008188304732,2.359028575842051,0.2740143306827832,11.282722806249362
SPMe,Chen2020_SPMe_hier_DC03_AC07_3p0tauSet,neg_avg_sto,3.0,0.3333333333333333,80,0.9875,2.76843957670754e-06,2.8958557093897858e-06,-0.004377176538042924,0.009038977481338365,0.06398526582023872,0.06421536920864876,0.2740143306827832,11.282722806249362
SPMe,Chen2020_SPMe_hier_DC03_AC07_3p0tauSet,neg_avg_surface_sto,3.0,0.3333333333333333,80,0.9875,0.008744350533141466,0.008744350533141465,-0.004122463307620941,0.009012227383084367,0.07279333970129957,0.07382892157025236,0.2740143306827832,11.282722806249362
SPMe,Chen2020_SPMe_hier_DC03_AC07_3p0tauSet,neg_max_surface_sto,3.0,0.3333333333333333,80,0.9875,0.008744350533141458,0.00874435053314146,-0.004122463307620945,0.009012227383084364,0.07279333970129959,0.07382892157025235,0.2740143306827832,11.282722806249362
SPMe,Chen2020_SPMe_hier_DC03_AC07_3p0tauSet,neg_min_surface_sto,3.0,0.3333333333333333,80,0.9875,0.008744350533141458,0.00874435053314146,-0.004122463307620945,0.009012227383084364,0.07279333970129959,0.07382892157025235,0.2740143306827832,11.282722806249362
SPMe,Chen2020_SPMe_hier_DC03_AC07_3p0tauSet,neg_surface_minus_avg_sto,3.0,0.3333333333333333,80,0.9875,0.008741582093564758,0.00874158209356476,0.0002547132304219874,0.0002547132304219874,0.021535130486751385,0.021536657130952652,0.2740143306827832,11.282722806249362
SPMe,Chen2020_SPMe_hier_DC03_AC07_3p0tauSet,neg_surface_sto_range,3.0,0.3333333333333333,80,0.9875,0.0,0.0,0.0,0.0,0.0,0.0,0.2740143306827832,11.282722806249362
SPMe,Chen2020_SPMe_hier_DC03_AC07_3p0tauSet,pos_avg_sto,3.0,0.3333333333333333,80,0.9875,-1.8475505855077013e-06,1.9325832341911265e-06,0.002921160043725639,0.006032267518829739,0.04270131676818624,0.04285487896023288,0.2740143306827832,11.282722806249362
SPMe,Chen2020_SPMe_hier_DC03_AC07_3p0tauSet,pos_avg_surface_sto,3.0,0.3333333333333333,80,0.9875,-0.020517017393484698,0.020517017393484695,0.002254754996222718,0.006053178818410839,0.08572306559433793,0.08753344874792268,0.2740143306827832,11.282722806249362
SPMe,Chen2020_SPMe_hier_DC03_AC07_3p0tauSet,pos_surface_minus_avg_sto,3.0,0.3333333333333333,80,0.9875,-0.020515169842899174,0.020515169842899174,-0.0006664050475029111,0.0006664050475029112,0.05266757283904934,0.053148911478272054,0.2740143306827832,11.282722806249362
SPMe,Chen2020_SPMe_hier_DC03_AC07_3p0tauSet,total_heating_mean,3.0,0.3333333333333333,80,0.9875,0.0,0.0,0.0,0.0,0.0,0.0,0.2740143306827832,11.282722806249362
SPMe,Chen2020_SPMe_hier_DC03_AC07_5p0tauSet,cell_temperature_K,5.0,0.2,80,0.9375,0.0,0.0,-1.7763568394002505e-14,3.0553337637684307e-14,0.0,0.0,0.1887553296157515,6.386190662417599
SPMe,Chen2020_SPMe_hier_DC03_AC07_5p0tauSet,elyte_c_mean,5.0,0.2,80,0.9375,-27.70218937377183,27.901052150524134,0.23758936045639273,1.6026827873770926,75.59036689812183,75.74642227091942,0.1887553296157515,6.386190662417599
SPMe,Chen2020_SPMe_hier_DC03_AC07_5p0tauSet,elyte_c_range,5.0,0.2,80,0.9375,645.285304202479,649.1162076290703,219.71432070633,219.71432070633,1156.9168725847292,1162.6619380918369,0.1887553296157515,6.386190662417599
SPMe,Chen2020_SPMe_hier_DC03_AC07_5p0tauSet,eta_n_mean,5.0,0.2,80,0.9375,-0.04717743577037114,0.04874126570546081,0.002556867967067825,0.0040905823178088345,0.1386311956813604,0.15996019169092643,0.1887553296157515,6.386190662417599
SPMe,Chen2020_SPMe_hier_DC03_AC07_5p0tauSet,eta_p_mean,5.0,0.2,80,0.9375,0.00578653811317001,0.00596049722526152,-0.00011883644409754952,0.00040263133776298043,0.017161752088896788,0.018962094803746315,0.1887553296157515,6.386190662417599
SPMe,Chen2020_SPMe_hier_DC03_AC07_5p0tauSet,j_n_mean_signed,5.0,0.2,80,0.9375,-0.8006625456477799,0.8210436647207701,-0.040388038143220714,0.040388038143220714,2.0822032104225405,2.0835459960207485,0.1887553296157515,6.386190662417599
SPMe,Chen2020_SPMe_hier_DC03_AC07_5p0tauSet,j_p_mean_signed,5.0,0.2,80,0.9375,0.9065250665302342,0.9296009496523239,0.04572809002222921,0.04572809002222922,2.3575093079077574,2.359029634804985,0.1887553296157515,6.386190662417599
SPMe,Chen2020_SPMe_hier_DC03_AC07_5p0tauSet,neg_avg_sto,5.0,0.2,80,0.9375,1.4926010405756293e-06,1.5910407547623308e-06,-0.006491340075910313,0.015414653853289939,0.10633502510755802,0.10702728892213928,0.1887553296157515,6.386190662417599
SPMe,Chen2020_SPMe_hier_DC03_AC07_5p0tauSet,neg_avg_surface_sto,5.0,0.2,80,0.9375,0.009020263128621166,0.009073176465672229,-0.006036319109500263,0.015480966480510575,0.11211316355601815,0.11377786905529319,0.1887553296157515,6.386190662417599
SPMe,Chen2020_SPMe_hier_DC03_AC07_5p0tauSet,neg_max_surface_sto,5.0,0.2,80,0.9375,0.009020263128621165,0.00907317646567223,-0.006036319109500268,0.015480966480510583,0.11211316355601819,0.11377786905529319,0.1887553296157515,6.386190662417599
SPMe,Chen2020_SPMe_hier_DC03_AC07_5p0tauSet,neg_min_surface_sto,5.0,0.2,80,0.9375,0.009020263128621165,0.00907317646567223,-0.006036319109500268,0.015480966480510583,0.11211316355601819,0.11377786905529319,0.1887553296157515,6.386190662417599
SPMe,Chen2020_SPMe_hier_DC03_AC07_5p0tauSet,neg_surface_minus_avg_sto,5.0,0.2,80,0.9375,0.009018770527580593,0.009071696835291585,0.000455020966410033,0.000455020966410033,0.022440447600215484,0.0224767078759138,0.1887553296157515,6.386190662417599
SPMe,Chen2020_SPMe_hier_DC03_AC07_5p0tauSet,neg_surface_sto_range,5.0,0.2,80,0.9375,0.0,0.0,0.0,0.0,0.0,0.0,0.1887553296157515,6.386190662417599
SPMe,Chen2020_SPMe_hier_DC03_AC07_5p0tauSet,pos_avg_sto,5.0,0.2,80,0.9375,-9.961047913217836e-07,1.061799687697429e-06,0.004332071849325578,0.010287149840253485,0.0709639247796118,0.0714259151465303,0.1887553296157515,6.386190662417599
SPMe,Chen2020_SPMe_hier_DC03_AC07_5p0tauSet,pos_avg_surface_sto,5.0,0.2,80,0.9375,-0.025917798370612505,0.025917798370612512,0.002740672755135664,0.010794460955694423,0.1186271894103531,0.12176013938166108,0.1887553296157515,6.386190662417599
SPMe,Chen2020_SPMe_hier_DC03_AC07_5p0tauSet,pos_surface_minus_avg_sto,5.0,0.2,80,0.9375,-0.02591680226582118,0.02591680226582118,-0.0015913990941899304,0.0015913990941899304,0.06445549228803522,0.0648818948636305,0.1887553296157515,6.386190662417599
SPMe,Chen2020_SPMe_hier_DC03_AC07_5p0tauSet,total_heating_mean,5.0,0.2,80,0.9375,0.0,0.0,0.0,0.0,0.0,0.0,0.1887553296157515,6.386190662417599
