condition,kappa,tau_label,dt_exp,s_exp,dt_X5β,s_X5β,X5β_vs_exp,dt_X5-A,s_X5-A,X5-A_vs_exp,dt_X6α,s_X6α,X6α_vs_exp,dt_X6α-NS,s_X6α-NS,X6α-NS_vs_exp,dt_X6β,s_X6β,X6β_vs_exp,dt_X2,s_X2,X2_vs_exp,dt_v0.1,s_v0.1,v0.1_vs_exp
0.1+0.9C 1τ,9.0,1τ,2.88,+,0.46513716450857223,+,True,2.1775672496291616,+,True,-1.2345181997688996,-,False,-1.2322172369303492,-,False,2.8821312499652776,+,True,-0.6757713514014541,-,False,-0.7159097362834775,-,False
0.1+0.2C 1τ,2.0,1τ,0.59,+,-0.4170665134079172,-,False,-0.5502150812602243,-,False,-1.3011015200352025,-,False,-0.15504963953486975,-,False,0.37437228686479407,+,True,-0.5124154917256116,-,False,-0.5186484204021933,-,False
0.2+0.3C 1τ,1.4999999999999998,1τ,0.17,+,-0.48117893630166386,-,False,-0.5765971242286468,-,False,-0.8229005549732695,-,False,-0.13276346842749262,-,False,-0.1784177220454088,-,False,-0.5710404440930384,-,False,-0.5310251578785634,-,False
0.2+0.3C 10τ,1.4999999999999998,10τ,5.05,+,0.6914907677784867,+,True,-5.296641195640829,-,False,-2.299200084275587,-,False,-2.2233932978920774,-,False,-2.589213434834134,-,False,-5.2915822335859355,-,False,-5.311372002232474,-,False
0.2+0.3C 34.8τ,1.4999999999999998,34.8τ,15.03,+,14.075996508725257,+,True,-2.1491048793333904,-,False,-1.042017393936597,-,False,-0.9652655673773854,-,False,-2.3040450567452657,-,False,-1.4601390028165953,-,False,-18.812281330431627,-,False
0.2+0.8C 0.1τ,4.0,0.1τ,1.26,+,-0.18174127174913035,-,False,1.394549325630578,+,True,-0.537204191134333,-,False,-0.5525175309889467,-,False,0.22602866421172318,+,True,-0.08570662845356007,-,False,-0.06556653712580858,-,False
0.2+0.8C 1τ,4.0,1τ,3.77,+,1.118874955656247,+,True,4.144834349829307,+,True,-0.9763598434690418,-,False,-0.9894577489002586,-,False,0.7429616853504134,+,True,1.0122848705728453,+,True,1.013699321259719,+,True
0.2+0.8C 10τ,4.0,10τ,15.31,+,18.330352188176494,+,True,9.326338160326335,+,True,,,,,,,,,,,,,,,
0.3+0.7C 0.1τ,2.3333333333333335,0.1τ,0.02,0,0.8422457551417817,+,False,2.486447820769869,+,False,-0.24182170567379824,-,False,-0.3468138374145686,-,False,0.06930533656747381,+,False,0.7809900466159282,+,False,1.0743047268259942,+,False
0.3+0.7C 1τ,2.3333333333333335,1τ,2.97,+,1.9186623098800435,+,True,3.5853661774760743,+,True,-0.5571809492615709,-,False,-0.5684811817430576,-,False,0.8343756392228291,+,True,1.8177149581254828,+,True,2.4972616558718075,+,True
0.3+0.7C 10τ,2.3333333333333335,10τ,8.67,+,7.478159328399458,+,True,7.268975396650543,+,True,,,,,,,,,,0.16679311495678728,+,True,0.06293943932550974,+,True
0.3+0.4C 0.1τ,1.3333333333333335,0.1τ,0.01,0,-0.14597328154835243,-,False,-0.26316298863739573,-,False,-0.24632098699415414,-,False,-0.21901161694747012,-,False,-0.056638081513635065,-,False,-0.14238310928027811,-,False,-0.02987974212956033,0,True
0.3+0.4C 1τ,1.3333333333333335,1τ,0.09,+,-0.07631046763414512,-,False,-0.1701515312898664,-,False,-0.48683084756297224,-,False,-0.44594748483326235,-,False,0.03790649482204268,0,False,-0.14993230614630496,-,False,-0.10883882672348287,-,False
0.3+0.4C 10τ,1.3333333333333335,10τ,0.94,+,0.42385913399327063,+,True,0.7674267192990859,+,True,-1.2525359989736595,-,False,-1.214408271022694,-,False,-1.5454195277637155,-,False,-4.925524072310327,-,False,-4.921033397538759,-,False
0.4+0.6C 0.5τ,1.4999999999999998,0.5τ,1.31,+,1.5473745753783381,+,True,2.454544508071846,+,True,-0.3842477520258399,-,False,-0.37798356431361146,-,False,-0.044480641563844375,0,False,1.4498225322104947,+,True,1.6801970195165117,+,True
0.4+0.5C 1.67τ,1.25,1.67τ,1.46,+,1.959184820375655,+,True,2.5607205594548605,+,True,-0.11558988779317285,-,False,-0.04302412065844692,0,False,-0.1237825400655917,-,False,1.1199561304479932,+,True,1.1082375170657541,+,True
0.4+0.6C 1.67τ,1.4999999999999998,1.67τ,1.51,+,1.9458930920144666,+,True,2.54847857807146,+,True,-0.1017964574870651,-,False,-0.0914896718458446,-,False,-0.11179444282386915,-,False,1.9746043217580185,+,True,1.9290946051286937,+,True
0.4+0.6C 5τ,1.4999999999999998,5τ,5.12,+,3.969866840061362,+,True,2.315870944054253,+,True,-1.1264389472378449,-,False,-1.1182518046385364,-,False,-1.3836148289102919,-,False,2.7738464355911674,+,True,2.6423879170399838,+,True
0.4+0.6C 10τ,1.4999999999999998,10τ,4.72,+,2.836331840112583,+,True,2.2827658901482817,+,True,-4.254905674718854,-,False,-4.257125387150139,-,False,-4.549444695969184,-,False,2.856725090068403,+,True,2.6726627058118537,+,True
0.5+0.5C 1τ,1.0,1τ,1.27,+,1.461431364960087,+,True,1.8522542757639562,+,True,-0.33014695138467687,-,False,-0.3265717538371215,-,False,0.08962198534774567,+,True,1.399038782290654,+,True,1.3415192101859703,+,True
0.9+0.1C 16.7τ,0.11111111111111112,16.7τ,0.61,+,-0.6542812285379189,-,False,-0.676081639850463,-,False,-0.30516708470656795,-,False,-0.3066656464229633,-,False,-0.39303650963470316,-,False,-0.6471517221518525,-,False,-0.666798699078898,-,False
0.9+0.1C 1.67τ,0.11111111111111112,1.67τ,0.02,0,-0.03354958042066301,0,True,-0.023712189895991286,0,True,-0.0661347485744424,-,False,-0.06544571198570187,-,False,-0.047280369635647426,0,True,-0.051913199178693505,-,False,-0.004273479864067061,0,True
0.9+0.1C 10τ,0.11111111111111112,10τ,0.04,0,0.18806667276963557,+,False,-0.16259956005106535,-,False,-0.3643837116693324,-,False,-0.3639469733887684,-,False,-0.38478296557735425,-,False,-0.27612168459365116,-,False,-0.20714313695316378,-,False
0.9+0.1C 1τ,0.11111111111111112,1τ,-0.05,0,-0.025408156648586554,0,True,-0.03370710695899864,0,True,-0.017070667100513977,0,True,-0.017261961514820238,0,True,0.027361057474149676,0,True,-0.031203219357583595,0,True,-0.021609384798534848,0,True
0.2+0.8C 10τ,4.0,10τ,15.31,+,18.330352188176494,+,True,9.326338160326335,+,True,,,,,,,,,,,,,,,
